Pset_ActionRequest;RequestSourceLabel;IfcLabel;RequestComments;IfcText
Pset_ActorCommon;NumberOfActors;IfcCountMeasure;Category;IfcLabel;SkillLevel;IfcLabel
Pset_ActuatorTypeCommon;Reference;IfcIdentifier;ManualOverride;IfcBoolean
Pset_ActuatorTypeElectricActuator;ActuatorInputPower;IfcPowerMeasure
Pset_ActuatorTypeHydraulicActuator;InputPressure;IfcPressureMeasure;InputFlowrate;IfcVolumetricFlowRateMeasure
Pset_ActuatorTypeLinearActuation;Force;IfcForceMeasure;Stroke;IfcLengthMeasure
Pset_ActuatorTypePneumaticActuator;InputPressure;IfcPressureMeasure;InputFlowrate;IfcVolumetricFlowRateMeasure
Pset_ActuatorTypeRotationalActuation;Torque;IfcTorqueMeasure;RangeAngle;IfcPlaneAngleMeasure
Pset_AirSideSystemInformation;Name;IfcLabel;Description;IfcLabel;TotalAirflow;IfcVolumetricFlowRateMeasure;EnergyGainTotal;IfcPowerMeasure;AirflowSensible;IfcVolumetricFlowRateMeasure;EnergyGainSensible;IfcPowerMeasure;EnergyLoss;IfcPowerMeasure;LightingDiversity;IfcPositiveRatioMeasure;InfiltrationDiversitySummer;IfcPositiveRatioMeasure;InfiltrationDiversityWinter;IfcPositiveRatioMeasure;ApplianceDiversity;IfcPositiveRatioMeasure;LoadSafetyFactor;IfcPositiveRatioMeasure;HeatingTemperatureDelta;IfcThermodynamicTemperatureMeasure;CoolingTemperatureDelta;IfcThermodynamicTemperatureMeasure;Ventilation;IfcVolumetricFlowRateMeasure;FanPower;IfcPowerMeasure
Pset_AirTerminalBoxTypeCommon;Reference;IfcIdentifier;AirflowRateRange;IfcVolumetricFlowRateMeasure;AirPressureRange;IfcPressureMeasure;NominalAirFlowRate;IfcVolumetricFlowRateMeasure;HasSoundAttenuator;IfcBoolean;HasReturnAir;IfcBoolean;HasFan;IfcBoolean;NominalInletAirPressure;IfcPressureMeasure;NominalDamperDiameter;IfcPositiveLengthMeasure;HousingThickness;IfcLengthMeasure;OperationTemperatureRange;IfcThermodynamicTemperatureMeasure;ReturnAirFractionRange;IfcPositiveRatioMeasure
Pset_AirTerminalOccurrence;AirFlowRate;IfcVolumetricFlowRateMeasure
Pset_AirTerminalPHistory;InductionRatio;IfcLengthMeasure;CenterlineAirVelocity;IfcLengthMeasure
Pset_AirTerminalTypeCommon;Reference;IfcIdentifier;SlotWidth;IfcPositiveLengthMeasure;SlotLength;IfcPositiveLengthMeasure;NumberOfSlots;IfcInteger;AirFlowrateRange;IfcVolumetricFlowRateMeasure;TemperatureRange;IfcThermodynamicTemperatureMeasure;ThrowLength;IfcLengthMeasure;AirDiffusionPerformanceIndex;IfcReal;FinishColor;IfcLabel;CoreSetHorizontal;IfcPlaneAngleMeasure;CoreSetVertical;IfcPlaneAngleMeasure;HasIntegralControl;IfcBoolean;HasSoundAttenuator;IfcBoolean;HasThermalInsulation;IfcBoolean;NeckArea;IfcAreaMeasure;EffectiveArea;IfcAreaMeasure;AirFlowrateVersusFlowControlElement;IfcPositiveRatioMeasure
Pset_AirToAirHeatRecoveryTypeCommon;Reference;IfcIdentifier;HasDefrost;IfcBoolean;OperationalTemperatureRange;IfcThermodynamicTemperatureMeasure;PrimaryAirflowRateRange;IfcVolumetricFlowRateMeasure;SecondaryAirflowRateRange;IfcPressureMeasure
Pset_AlarmTypeCommon;Reference;IfcIdentifier;Condition;IfcLabel
Pset_AnnotationContourLine;ContourValue;IfcLengthMeasure
Pset_AnnotationLineOfSight;SetbackDistance;IfcPositiveLengthMeasure;VisibleAngleLeft;IfcPositivePlaneAngleMeasure;VisibleAngleRight;IfcPositivePlaneAngleMeasure;RoadVisibleDistanceLeft;IfcPositiveLengthMeasure;RoadVisibleDistanceRight;IfcPositiveLengthMeasure
Pset_AnnotationSurveyArea;AccuracyQualityObtained;IfcRatioMeasure;AccuracyQualityExpected;IfcRatioMeasure
Pset_AudioVisualApplianceTypeAmplifier;AudioAmplification;IfcSoundPowerMeasure;AudioMode;IfcLabel
Pset_AudioVisualApplianceTypeCamera;IsOutdoors;IfcBoolean;VideoResolutionWidth;IfcInteger;VideoResolutionHeight;IfcInteger;VideoResolutionMode;IfcLabel;VideoCaptureInterval;IfcTimeMeasure;PanTiltZoomPreset;IfcLabel;PanHorizontal;IfcLengthMeasure;PanVertical;IfcLengthMeasure;TiltHorizontal;IfcPlaneAngleMeasure;TiltVertical;IfcPlaneAngleMeasure;Zoom;IfcPositiveLengthMeasure
Pset_AudioVisualApplianceTypeCommon;Reference;IfcIdentifier;MediaSource;IfcLabel;AudioVolume;IfcSoundPowerMeasure
Pset_AudioVisualApplianceTypeDisplay;NominalSize;IfcPositiveLengthMeasure;DisplayWidth;IfcPositiveLengthMeasure;DisplayHeight;IfcPositiveLengthMeasure;Brightness;IfcIlluminanceMeasure;ContrastRatio;IfcPositiveRatioMeasure;RefreshRate;IfcFrequencyMeasure;VideoResolutionWidth;IfcInteger;VideoResolutionHeight;IfcInteger;VideoResolutionMode;IfcLabel;VideoScaleMode;IfcLabel;VideoCaptionMode;IfcLabel;AudioMode;IfcLabel
Pset_AudioVisualApplianceTypePlayer;PlayerMediaEject;IfcBoolean;PlayerMediaFormat;IfcLabel
Pset_AudioVisualApplianceTypeProjector;VideoResolutionWidth;IfcInteger;VideoResolutionHeight;IfcInteger;VideoResolutionMode;IfcLabel;VideoScaleMode;IfcLabel;VideoCaptionMode;IfcLabel
Pset_AudioVisualApplianceTypeReceiver;AudioAmplification;IfcRatioMeasure;AudioMode;IfcLabel
Pset_AudioVisualApplianceTypeSpeaker;SpeakerDriverSize;IfcPositiveLengthMeasure;FrequencyResponse;IfcSoundPowerMeasure;Impedance;IfcFrequencyMeasure
Pset_AudioVisualApplianceTypeTuner;TunerMode;IfcLabel;TunerChannel;IfcLabel;TunerFrequency;IfcFrequencyMeasure
Pset_BeamCommon;Reference;IfcIdentifier;Span;IfcPositiveLengthMeasure;Slope;IfcPlaneAngleMeasure;Roll;IfcPlaneAngleMeasure;IsExternal;IfcBoolean;ThermalTransmittance;IfcThermalTransmittanceMeasure;LoadBearing;IfcBoolean;FireRating;IfcLabel
Pset_BoilerTypeCommon;Reference;IfcIdentifier;PressureRating;IfcPressureMeasure;HeatTransferSurfaceArea;IfcAreaMeasure;NominalPartLoadRatio;IfcReal;WaterInletTemperatureRange;IfcThermodynamicTemperatureMeasure;WaterStorageCapacity;IfcVolumeMeasure;IsWaterStorageHeater;IfcBoolean;PartialLoadEfficiencyCurves;IfcNormalisedRatioMeasure;OutletTemperatureRange;IfcThermodynamicTemperatureMeasure;NominalEnergyConsumption;IfcPowerMeasure
Pset_BoilerTypeSteam;MaximumOutletPressure;IfcLabel;NominalEfficiency;IfcNormalisedRatioMeasure;HeatOutput;IfcEnergyMeasure
Pset_BoilerTypeWater;NominalEfficiency;IfcNormalisedRatioMeasure;HeatOutput;IfcEnergyMeasure
Pset_BuildingCommon;Reference;IfcIdentifier;BuildingID;IfcIdentifier;IsPermanentID;IfcBoolean;ConstructionMethod;IfcLabel;FireProtectionClass;IfcLabel;SprinklerProtection;IfcBoolean;SprinklerProtectionAutomatic;IfcBoolean;OccupancyType;IfcLabel;GrossPlannedArea;IfcAreaMeasure;NetPlannedArea;IfcAreaMeasure;NumberOfStoreys;IfcInteger;YearOfConstruction;IfcLabel;YearOfLastRefurbishment;IfcLabel;IsLandmarked;IfcLogical
Pset_BuildingElementProxyCommon;Reference;IfcIdentifier;IsExternal;IfcBoolean;ThermalTransmittance;IfcThermalTransmittanceMeasure;LoadBearing;IfcBoolean;FireRating;IfcLabel
Pset_BuildingElementProxyProvisionForVoid;Shape;IfcLabel;Width;IfcPositiveLengthMeasure;Height;IfcPositiveLengthMeasure;Diameter;IfcPositiveLengthMeasure;Depth;IfcPositiveLengthMeasure;System;IfcLabel
Pset_BuildingStoreyCommon;Reference;IfcIdentifier;EntranceLevel;IfcBoolean;AboveGround;IfcLogical;SprinklerProtection;IfcBoolean;SprinklerProtectionAutomatic;IfcBoolean;LoadBearingCapacity;IfcPlanarForceMeasure;GrossPlannedArea;IfcAreaMeasure;NetPlannedArea;IfcAreaMeasure
Pset_BuildingSystemCommon;Reference;IfcIdentifier
Pset_BuildingUse;MarketCategory;IfcLabel;MarketSubCategory;IfcLabel;PlanningControlStatus;IfcLabel;NarrativeText;IfcText;VacancyRateInCategoryNow;IfcPositiveRatioMeasure;TenureModesAvailableNow;IfcLabel;MarketSubCategoriesAvailableNow;IfcLabel;RentalRatesInCategoryNow;IfcMonetaryMeasure;VacancyRateInCategoryFuture;IfcPositiveRatioMeasure;TenureModesAvailableFuture;IfcLabel;MarketSubCategoriesAvailableFuture;IfcLabel;RentalRatesInCategoryFuture;IfcMonetaryMeasure
Pset_BuildingUseAdjacent;MarketCategory;IfcLabel;MarketSubCategory;IfcLabel;PlanningControlStatus;IfcLabel;NarrativeText;IfcText
Pset_BurnerTypeCommon;Reference;IfcIdentifier
Pset_CableCarrierFittingTypeCommon;Reference;IfcIdentifier
Pset_CableCarrierSegmentTypeCableLadderSegment;NominalWidth;IfcPositiveLengthMeasure;NominalHeight;IfcPositiveLengthMeasure;LadderConfiguration;IfcText
Pset_CableCarrierSegmentTypeCableTraySegment;NominalWidth;IfcPositiveLengthMeasure;NominalHeight;IfcPositiveLengthMeasure;HasCover;IfcBoolean
Pset_CableCarrierSegmentTypeCableTrunkingSegment;NominalWidth;IfcPositiveLengthMeasure;NominalHeight;IfcPositiveLengthMeasure;NumberOfCompartments;IfcInteger
Pset_CableCarrierSegmentTypeCommon;Reference;IfcIdentifier
Pset_CableCarrierSegmentTypeConduitSegment;NominalWidth;IfcPositiveLengthMeasure;NominalHeight;IfcPositiveLengthMeasure;IsRigid;IfcBoolean
Pset_CableFittingTypeCommon;Reference;IfcIdentifier
Pset_CableSegmentOccurrence;DesignAmbientTemperature;IfcThermodynamicTemperatureMeasure;UserCorrectionFactor;IfcReal;NumberOfParallelCircuits;IfcInteger;InstallationMethod;IfcLabel;DistanceBetweenParallelCircuits;IfcLengthMeasure;SoilConductivity;IfcThermalConductivityMeasure;CarrierStackNumber;IfcInteger;IsHorizontalCable;IfcBoolean;IsMountedFlatCable;IfcBoolean;CurrentCarryingCapasity;IfcElectricCurrentMeasure;MaximumCableLength;IfcLengthMeasure;PowerLoss;IfcElectricCurrentMeasure
Pset_CableSegmentTypeBusBarSegment;IsHorizontalBusbar;IfcBoolean
Pset_CableSegmentTypeCableSegment;Standard;IfcLabel;NumberOfCores;IfcInteger;OverallDiameter;IfcPositiveLengthMeasure;RatedVoltage;IfcElectricVoltageMeasure;RatedTemperature;IfcThermodynamicTemperatureMeasure;ScreenDiameter;IfcPositiveLengthMeasure;HasProtectiveEarth;IfcBoolean;MaximumOperatingTemperature;IfcThermodynamicTemperatureMeasure;MaximumShortCircuitTemperature;IfcThermodynamicTemperatureMeasure;SpecialConstruction;IfcLabel;Weight;IfcMassMeasure;SelfExtinguishing60332_1;IfcBoolean;SelfExtinguishing60332_3;IfcBoolean;HalogenProof;IfcBoolean;FunctionReliable;IfcBoolean
Pset_CableSegmentTypeCommon;Reference;IfcIdentifier
Pset_CableSegmentTypeConductorSegment;CrossSectionalArea;IfcAreaMeasure
Pset_CableSegmentTypeCoreSegment;OverallDiameter;IfcPositiveLengthMeasure;RatedVoltage;IfcElectricVoltageMeasure;RatedTemperature;IfcThermodynamicTemperatureMeasure;ScreenDiameter;IfcPositiveLengthMeasure;CoreIdentifier;IfcIdentifier;Weight;IfcMassMeasure;SelfExtinguishing60332_1;IfcBoolean;SelfExtinguishing60332_3;IfcBoolean;HalogenProof;IfcBoolean;FunctionReliable;IfcBoolean;Standard;IfcLabel
Pset_ChillerTypeCommon;Reference;IfcIdentifier;NominalCapacity;IfcPowerMeasure;NominalEfficiency;IfcPositiveRatioMeasure;NominalCondensingTemperature;IfcThermodynamicTemperatureMeasure;NominalEvaporatingTemperature;IfcThermodynamicTemperatureMeasure;NominalHeatRejectionRate;IfcPowerMeasure;NominalPowerConsumption;IfcPowerMeasure;CapacityCurve;IfcPowerMeasure;CoefficientOfPerformanceCurve;IfcReal;FullLoadRatioCurve;IfcNormalisedRatioMeasure
Pset_ChimneyCommon;Reference;IfcIdentifier;NumberOfDrafts;IfcCountMeasure;IsExternal;IfcBoolean;ThermalTransmittance;IfcThermalTransmittanceMeasure;LoadBearing;IfcBoolean;FireRating;IfcLabel
Pset_CivilElementCommon;Reference;IfcIdentifier
Pset_CoilOccurrence;HasSoundAttenuation;IfcBoolean
Pset_CoilTypeCommon;Reference;IfcIdentifier;OperationalTemperatureRange;IfcThermodynamicTemperatureMeasure;AirflowRateRange;IfcVolumetricFlowRateMeasure;NominalSensibleCapacity;IfcPowerMeasure;NominalLatentCapacity;IfcPowerMeasure;NominalUA;IfcReal
Pset_CoilTypeHydronic;FluidPressureRange;IfcPressureMeasure;CoilFaceArea;IfcAreaMeasure;HeatExchangeSurfaceArea;IfcAreaMeasure;PrimarySurfaceArea;IfcAreaMeasure;SecondarySurfaceArea;IfcAreaMeasure;TotalUACurves;IfcVolumetricFlowRateMeasure;WaterPressureDropCurve;IfcPressureMeasure;BypassFactor;IfcNormalisedRatioMeasure;SensibleHeatRatio;IfcNormalisedRatioMeasure;WetCoilFraction;IfcNormalisedRatioMeasure
Pset_ColumnCommon;Reference;IfcIdentifier;Slope;IfcPlaneAngleMeasure;Roll;IfcPlaneAngleMeasure;IsExternal;IfcBoolean;ThermalTransmittance;IfcThermalTransmittanceMeasure;LoadBearing;IfcBoolean;FireRating;IfcLabel
Pset_CommunicationsApplianceTypeCommon;Reference;IfcIdentifier
Pset_CompressorTypeCommon;Reference;IfcIdentifier;MinimumPartLoadRatio;IfcPositiveRatioMeasure;MaximumPartLoadRatio;IfcPositiveRatioMeasure;CompressorSpeed;IfcRotationalFrequencyMeasure;NominalCapacity;IfcPowerMeasure;IdealCapacity;IfcPowerMeasure;IdealShaftPower;IfcPowerMeasure;HasHotGasBypass;IfcBoolean;ImpellerDiameter;IfcPositiveLengthMeasure
Pset_ConcreteElementGeneral;ConstructionMethod;IfcLabel;StructuralClass;IfcLabel;StrengthClass;IfcLabel;ExposureClass;IfcLabel;ReinforcementVolumeRatio;IfcMassDensityMeasure;ReinforcementAreaRatio;IfcAreaDensityMeasure;DimensionalAccuracyClass;IfcLabel;ConstructionToleranceClass;IfcLabel;ConcreteCover;IfcPositiveLengthMeasure;ConcreteCoverAtMainBars;IfcPositiveLengthMeasure;ConcreteCoverAtLinks;IfcPositiveLengthMeasure;ReinforcementStrengthClass;IfcLabel
Pset_CondenserTypeCommon;Reference;IfcIdentifier;ExternalSurfaceArea;IfcAreaMeasure;InternalSurfaceArea;IfcAreaMeasure;InternalRefrigerantVolume;IfcVolumeMeasure;InternalWaterVolume;IfcVolumeMeasure;NominalHeatTransferArea;IfcAreaMeasure;NominalHeatTransferCoefficient;IfcThermalTransmittanceMeasure
Pset_Condition;AssessmentDate;IfcDate;AssessmentCondition;IfcLabel;AssessmentDescription;IfcText
Pset_ControllerTypeCommon;Reference;IfcIdentifier
Pset_ControllerTypeFloating;Labels;IfcLabel;Range;IfcReal;Value;IfcReal;SignalOffset;IfcReal;SignalFactor;IfcReal;SignalTime;IfcTimeMeasure
Pset_ControllerTypeMultiPosition;Labels;IfcLabel;Range;IfcInteger;Value;IfcInteger
Pset_ControllerTypeProgrammable;FirmwareVersion;IfcLabel;SoftwareVersion;IfcLabel
Pset_ControllerTypeProportional;Labels;IfcLabel;Range;IfcReal;Value;IfcReal;ProportionalConstant;IfcReal;IntegralConstant;IfcReal;DerivativeConstant;IfcReal;SignalTimeIncrease;IfcTimeMeasure;SignalTimeDecrease;IfcTimeMeasure
Pset_ControllerTypeTwoPosition;Labels;IfcLabel;Polarity;IfcBoolean;Value;IfcBoolean
Pset_CooledBeamTypeActive;AirflowRateRange;IfcVolumetricFlowRateMeasure;ConnectionSize;IfcLengthMeasure
Pset_CooledBeamTypeCommon;Reference;IfcIdentifier;IsFreeHanging;IfcBoolean;WaterPressureRange;IfcPressureMeasure;NominalCoolingCapacity;IfcPowerMeasure;NominalSurroundingTemperatureCooling;IfcThermodynamicTemperatureMeasure;NominalSurroundingHumidityCooling;IfcNormalisedRatioMeasure;NominalSupplyWaterTemperatureCooling;IfcThermodynamicTemperatureMeasure;NominalReturnWaterTemperatureCooling;IfcThermodynamicTemperatureMeasure;NominalWaterFlowCooling;IfcVolumetricFlowRateMeasure;NominalHeatingCapacity;IfcPowerMeasure;NominalSurroundingTemperatureHeating;IfcThermodynamicTemperatureMeasure;NominalSupplyWaterTemperatureHeating;IfcThermodynamicTemperatureMeasure;NominalReturnWaterTemperatureHeating;IfcThermodynamicTemperatureMeasure;NominalWaterFlowHeating;IfcVolumetricFlowRateMeasure;FinishColor;IfcLabel;CoilLength;IfcPositiveLengthMeasure;CoilWidth;IfcPositiveLengthMeasure
Pset_CoolingTowerTypeCommon;Reference;IfcIdentifier;NominalCapacity;IfcPowerMeasure;NumberOfCells;IfcInteger;BasinReserveVolume;IfcVolumeMeasure;LiftElevationDifference;IfcPositiveLengthMeasure;WaterRequirement;IfcVolumetricFlowRateMeasure;OperationTemperatureRange;IfcThermodynamicTemperatureMeasure;AmbientDesignDryBulbTemperature;IfcThermodynamicTemperatureMeasure;AmbientDesignWetBulbTemperature;IfcThermodynamicTemperatureMeasure
Pset_CoveringCeiling;Permeability;IfcNormalisedRatioMeasure;TileLength;IfcPositiveLengthMeasure;TileWidth;IfcPositiveLengthMeasure
Pset_CoveringCommon;Reference;IfcIdentifier;AcousticRating;IfcLabel;FlammabilityRating;IfcLabel;FragilityRating;IfcLabel;Combustible;IfcBoolean;SurfaceSpreadOfFlame;IfcLabel;Finish;IfcText;IsExternal;IfcBoolean;ThermalTransmittance;IfcThermalTransmittanceMeasure;FireRating;IfcLabel
Pset_CoveringFlooring;HasNonSkidSurface;IfcBoolean;HasAntiStaticSurface;IfcBoolean
Pset_CurtainWallCommon;Reference;IfcIdentifier;AcousticRating;IfcLabel;FireRating;IfcLabel;Combustible;IfcBoolean;SurfaceSpreadOfFlame;IfcLabel;ThermalTransmittance;IfcThermalTransmittanceMeasure;IsExternal;IfcBoolean
Pset_DamperTypeCommon;Reference;IfcIdentifier;BladeThickness;IfcPositiveLengthMeasure;NumberofBlades;IfcInteger;FaceArea;IfcAreaMeasure;MaximumAirFlowRate;IfcVolumetricFlowRateMeasure;TemperatureRange;IfcThermodynamicTemperatureMeasure;MaximumWorkingPressure;IfcPressureMeasure;TemperatureRating;IfcThermodynamicTemperatureMeasure;NominalAirFlowRate;IfcVolumetricFlowRateMeasure;OpenPressureDrop;IfcPressureMeasure;LeakageFullyClosed;IfcVolumetricFlowRateMeasure;LossCoefficentCurve;IfcReal;LeakageCurve;IfcPressureMeasure;RegeneratedSoundCurve;IfcSoundPressureMeasure;FrameType;IfcLabel;FrameDepth;IfcPositiveLengthMeasure;FrameThickness;IfcPositiveLengthMeasure;CloseOffRating;IfcPressureMeasure
Pset_DamperTypeControlDamper;TorqueRange;IfcTorqueMeasure
Pset_DamperTypeFireDamper;FireResistanceRating;IfcLabel;FusibleLinkTemperature;IfcThermodynamicTemperatureMeasure
Pset_DamperTypeFireSmokeDamper;ControlType;IfcLabel;FireResistanceRating;IfcLabel;FusibleLinkTemperature;IfcThermodynamicTemperatureMeasure
Pset_DamperTypeSmokeDamper;ControlType;IfcLabel
Pset_DiscreteAccessoryColumnShoe;ColumnShoeBasePlateThickness;IfcPositiveLengthMeasure;ColumnShoeBasePlateWidth;IfcPositiveLengthMeasure;ColumnShoeBasePlateDepth;IfcPositiveLengthMeasure;ColumnShoeCasingHeight;IfcPositiveLengthMeasure;ColumnShoeCasingWidth;IfcPositiveLengthMeasure;ColumnShoeCasingDepth;IfcPositiveLengthMeasure
Pset_DiscreteAccessoryCornerFixingPlate;CornerFixingPlateLength;IfcPositiveLengthMeasure;CornerFixingPlateThickness;IfcPositiveLengthMeasure;CornerFixingPlateFlangeWidthInPlaneZ;IfcPositiveLengthMeasure;CornerFixingPlateFlangeWidthInPlaneX;IfcPositiveLengthMeasure
Pset_DiscreteAccessoryDiagonalTrussConnector;DiagonalTrussHeight;IfcPositiveLengthMeasure;DiagonalTrussLength;IfcPositiveLengthMeasure;DiagonalTrussCrossBarSpacing;IfcPositiveLengthMeasure;DiagonalTrussBaseBarDiameter;IfcPositiveLengthMeasure;DiagonalTrussSecondaryBarDiameter;IfcPositiveLengthMeasure;DiagonalTrussCrossBarDiameter;IfcPositiveLengthMeasure
Pset_DiscreteAccessoryEdgeFixingPlate;EdgeFixingPlateLength;IfcPositiveLengthMeasure;EdgeFixingPlateThickness;IfcPositiveLengthMeasure;EdgeFixingPlateFlangeWidthInPlaneZ;IfcPositiveLengthMeasure;EdgeFixingPlateFlangeWidthInPlaneX;IfcPositiveLengthMeasure
Pset_DiscreteAccessoryFixingSocket;FixingSocketHeight;IfcPositiveLengthMeasure;FixingSocketThreadDiameter;IfcPositiveLengthMeasure;FixingSocketThreadLength;IfcPositiveLengthMeasure
Pset_DiscreteAccessoryLadderTrussConnector;LadderTrussHeight;IfcPositiveLengthMeasure;LadderTrussLength;IfcPositiveLengthMeasure;LadderTrussCrossBarSpacing;IfcPositiveLengthMeasure;LadderTrussBaseBarDiameter;IfcPositiveLengthMeasure;LadderTrussSecondaryBarDiameter;IfcPositiveLengthMeasure;LadderTrussCrossBarDiameter;IfcPositiveLengthMeasure
Pset_DiscreteAccessoryStandardFixingPlate;StandardFixingPlateWidth;IfcPositiveLengthMeasure;StandardFixingPlateDepth;IfcPositiveLengthMeasure;StandardFixingPlateThickness;IfcPositiveLengthMeasure
Pset_DiscreteAccessoryWireLoop;WireLoopBasePlateThickness;IfcPositiveLengthMeasure;WireLoopBasePlateWidth;IfcPositiveLengthMeasure;WireLoopBasePlateLength;IfcPositiveLengthMeasure;WireDiameter;IfcPositiveLengthMeasure;WireEmbeddingLength;IfcPositiveLengthMeasure;WireLoopLength;IfcPositiveLengthMeasure
Pset_DistributionChamberElementCommon;Reference;IfcIdentifier
Pset_DistributionChamberElementTypeFormedDuct;ClearWidth;IfcPositiveLengthMeasure;ClearDepth;IfcPositiveLengthMeasure;WallThickness;IfcPositiveLengthMeasure;BaseThickness;IfcPositiveLengthMeasure;AccessCoverLoadRating;IfcText
Pset_DistributionChamberElementTypeInspectionChamber;ChamberLengthOrRadius;IfcPositiveLengthMeasure;ChamberWidth;IfcPositiveLengthMeasure;InvertLevel;IfcLengthMeasure;SoffitLevel;IfcLengthMeasure;WallThickness;IfcPositiveLengthMeasure;BaseThickness;IfcPositiveLengthMeasure;WithBackdrop;IfcBoolean;AccessLengthOrRadius;IfcPositiveLengthMeasure;AccessWidth;IfcPositiveLengthMeasure;AccessCoverLoadRating;IfcText
Pset_DistributionChamberElementTypeInspectionPit;Length;IfcPositiveLengthMeasure;Width;IfcPositiveLengthMeasure;Depth;IfcPositiveLengthMeasure
Pset_DistributionChamberElementTypeManhole;InvertLevel;IfcLengthMeasure;SoffitLevel;IfcLengthMeasure;WallThickness;IfcPositiveLengthMeasure;BaseThickness;IfcPositiveLengthMeasure;IsShallow;IfcBoolean;HasSteps;IfcBoolean;WithBackdrop;IfcBoolean;AccessLengthOrRadius;IfcPositiveLengthMeasure;AccessWidth;IfcPositiveLengthMeasure;AccessCoverLoadRating;IfcText
Pset_DistributionChamberElementTypeMeterChamber;ChamberLengthOrRadius;IfcPositiveLengthMeasure;ChamberWidth;IfcPositiveLengthMeasure;WallThickness;IfcPositiveLengthMeasure;BaseThickness;IfcPositiveLengthMeasure
Pset_DistributionChamberElementTypeSump;Length;IfcPositiveLengthMeasure;Width;IfcPositiveLengthMeasure;InvertLevel;IfcPositiveLengthMeasure
Pset_DistributionChamberElementTypeTrench;Width;IfcPositiveLengthMeasure;Depth;IfcPositiveLengthMeasure;InvertLevel;IfcLengthMeasure
Pset_DistributionChamberElementTypeValveChamber;ChamberLengthOrRadius;IfcPositiveLengthMeasure;ChamberWidth;IfcPositiveLengthMeasure;WallThickness;IfcPositiveLengthMeasure;BaseThickness;IfcPositiveLengthMeasure
Pset_DistributionPortCommon;PortNumber;IfcInteger;ColorCode;IfcLabel
Pset_DistributionPortTypeCable;ConnectionSubtype;IfcLabel;CurrentContent3rdHarmonic;IfcPositiveRatioMeasure;Current;IfcElectricCurrentMeasure;Voltage;IfcElectricVoltageMeasure;Power;IfcPowerMeasure;Protocols;IfcIdentifier
Pset_DistributionPortTypeDuct;ConnectionSubType;IfcLabel;NominalWidth;IfcPositiveLengthMeasure;NominalHeight;IfcPositiveLengthMeasure;NominalThickness;IfcPositiveLengthMeasure;DryBulbTemperature;IfcThermodynamicTemperatureMeasure;WetBulbTemperature;IfcThermodynamicTemperatureMeasure;VolumetricFlowRate;IfcVolumetricFlowRateMeasure;Velocity;IfcLinearVelocityMeasure;Pressure;IfcPressureMeasure
Pset_DistributionPortTypePipe;ConnectionSubType;IfcLabel;NominalDiameter;IfcPositiveLengthMeasure;InnerDiameter;IfcPositiveLengthMeasure;OuterDiameter;IfcPositiveLengthMeasure;Temperature;IfcThermodynamicTemperatureMeasure;VolumetricFlowRate;IfcVolumetricFlowRateMeasure;MassFlowRate;IfcMassFlowRateMeasure;FlowCondition;IfcPositiveRatioMeasure;Velocity;IfcLinearVelocityMeasure;Pressure;IfcPressureMeasure
Pset_DistributionSystemCommon;Reference;IfcIdentifier
Pset_DistributionSystemTypeElectrical;Diversity;IfcPositiveRatioMeasure;NumberOfLiveConductors;IfcInteger;MaximumAllowedVoltageDrop;IfcElectricVoltageMeasure;NetImpedance;IfcElectricResistanceMeasure
Pset_DistributionSystemTypeVentilation;DesignName;IfcLabel;PressureClass;IfcPressureMeasure;LeakageClass;IfcPressureMeasure;FrictionLoss;IfcReal;ScrapFactor;IfcReal;MaximumVelocity;IfcLinearVelocityMeasure;AspectRatio;IfcReal;MinimumHeight;IfcPositiveLengthMeasure;MinimumWidth;IfcPositiveLengthMeasure
Pset_DoorCommon;Reference;IfcIdentifier;FireRating;IfcLabel;AcousticRating;IfcLabel;SecurityRating;IfcLabel;DurabilityRating;IfcLabel;HygrothermalRating;IfcLabel;WaterTightnessRating;IfcLabel;MechanicalLoadRating;IfcLabel;WindLoadRating;IfcLabel;Infiltration;IfcVolumetricFlowRateMeasure;IsExternal;IfcBoolean;ThermalTransmittance;IfcThermalTransmittanceMeasure;GlazingAreaFraction;IfcPositiveRatioMeasure;HandicapAccessible;IfcBoolean;FireExit;IfcBoolean;HasDrive;IfcBoolean;SelfClosing;IfcBoolean;SmokeStop;IfcBoolean
Pset_DoorWindowGlazingType;GlassLayers;IfcCountMeasure;GlassThickness1;IfcPositiveLengthMeasure;GlassThickness2;IfcPositiveLengthMeasure;GlassThickness3;IfcPositiveLengthMeasure;FillGas;IfcLabel;GlassColor;IfcLabel;IsTempered;IfcBoolean;IsLaminated;IfcBoolean;IsCoated;IfcBoolean;IsWired;IfcBoolean;VisibleLightReflectance;IfcNormalisedRatioMeasure;VisibleLightTransmittance;IfcNormalisedRatioMeasure;SolarAbsorption;IfcNormalisedRatioMeasure;SolarReflectance;IfcNormalisedRatioMeasure;SolarTransmittance;IfcNormalisedRatioMeasure;SolarHeatGainTransmittance;IfcNormalisedRatioMeasure;ShadingCoefficient;IfcNormalisedRatioMeasure;ThermalTransmittanceSummer;IfcThermalTransmittanceMeasure;ThermalTransmittanceWinter;IfcThermalTransmittanceMeasure
Pset_DuctFittingOccurrence;InteriorRoughnessCoefficient;IfcPositiveLengthMeasure;HasLiner;IfcBoolean;Color;IfcLabel
Pset_DuctFittingTypeCommon;Reference;IfcIdentifier;PressureClass;IfcPressureMeasure;PressureRange;IfcPressureMeasure;TemperatureRange;IfcThermodynamicTemperatureMeasure
Pset_DuctSegmentOccurrence;InteriorRoughnessCoefficient;IfcPositiveLengthMeasure;HasLiner;IfcBoolean;Color;IfcLabel
Pset_DuctSegmentTypeCommon;Reference;IfcIdentifier;WorkingPressure;IfcPressureMeasure;PressureRange;IfcPressureMeasure;TemperatureRange;IfcThermodynamicTemperatureMeasure;LongitudinalSeam;IfcText;NominalDiameterOrWidth;IfcPositiveLengthMeasure;NominalHeight;IfcPositiveLengthMeasure;Reinforcement;IfcLabel;ReinforcementSpacing;IfcPositiveLengthMeasure
Pset_DuctSilencerTypeCommon;Reference;IfcIdentifier;HydraulicDiameter;IfcLengthMeasure;Length;IfcLengthMeasure;Weight;IfcMassMeasure;AirFlowrateRange;IfcVolumetricFlowRateMeasure;WorkingPressureRange;IfcPressureMeasure;TemperatureRange;IfcThermodynamicTemperatureMeasure;HasExteriorInsulation;IfcBoolean
Pset_ElectricalDeviceCommon;RatedCurrent;IfcElectricCurrentMeasure;RatedVoltage;IfcElectricVoltageMeasure;NominalFrequencyRange;IfcFrequencyMeasure;PowerFactor;IfcNormalisedRatioMeasure;NumberOfPoles;IfcInteger;HasProtectiveEarth;IfcBoolean;IP_Code;IfcLabel;IK_Code;IfcLabel
Pset_ElectricApplianceTypeCommon;Reference;IfcIdentifier
Pset_ElectricDistributionBoardOccurrence;IsMain;IfcBoolean;IsSkilledOperator;IfcBoolean
Pset_ElectricDistributionBoardTypeCommon;Reference;IfcIdentifier
Pset_ElectricFlowStorageDeviceTypeCommon;Reference;IfcIdentifier;NominalSupplyVoltage;IfcElectricVoltageMeasure;NominalSupplyVoltageOffset;IfcElectricVoltageMeasure;NominalFrequency;IfcFrequencyMeasure;ShortCircuit3PoleMaximumState;IfcElectricCurrentMeasure;ShortCircuit3PolePowerFactorMaximumState;IfcReal;ShortCircuit2PoleMinimumState;IfcElectricCurrentMeasure;ShortCircuit2PolePowerFactorMinimumState;IfcReal;ShortCircuit1PoleMaximumState;IfcElectricCurrentMeasure;ShortCircuit1PolePowerFactorMaximumState;IfcReal;ShortCircuit1PoleMinimumState;IfcElectricCurrentMeasure;ShortCircuit1PolePowerFactorMinimumState;IfcReal;EarthFault1PoleMaximumState;IfcElectricCurrentMeasure;EarthFault1PolePowerFactorMaximumState;IfcReal;EarthFault1PoleMinimumState;IfcElectricCurrentMeasure;EarthFault1PolePowerFactorMinimumState;IfcReal
Pset_ElectricGeneratorTypeCommon;Reference;IfcIdentifier;ElectricGeneratorEfficiency;IfcPositiveRatioMeasure;StartCurrentFactor;IfcReal;MaximumPowerOutput;IfcPowerMeasure
Pset_ElectricMotorTypeCommon;Reference;IfcIdentifier;MaximumPowerOutput;IfcPowerMeasure;ElectricMotorEfficiency;IfcPositiveRatioMeasure;StartCurrentFactor;IfcReal;StartingTime;IfcTimeMeasure;TeTime;IfcTimeMeasure;LockedRotorCurrent;IfcElectricCurrentMeasure;FrameSize;IfcLabel;IsGuarded;IfcBoolean;HasPartWinding;IfcBoolean
Pset_ElectricTimeControlTypeCommon;Reference;IfcIdentifier
Pset_ElementAssemblyCommon;Reference;IfcLabel
Pset_ElementComponentCommon;Reference;IfcIdentifier
Pset_EngineTypeCommon;Reference;IfcIdentifier
Pset_EnvironmentalImpactIndicators;Reference;IfcIdentifier;FunctionalUnitReference;IfcLabel;Unit;IfcText;ExpectedServiceLife;IfcTimeMeasure;TotalPrimaryEnergyConsumptionPerUnit;IfcEnergyMeasure;WaterConsumptionPerUnit;IfcVolumeMeasure;HazardousWastePerUnit;IfcMassMeasure;NonHazardousWastePerUnit;IfcMassMeasure;ClimateChangePerUnit;IfcMassMeasure;AtmosphericAcidificationPerUnit;IfcMassMeasure;RenewableEnergyConsumptionPerUnit;IfcEnergyMeasure;NonRenewableEnergyConsumptionPerUnit;IfcEnergyMeasure;ResourceDepletionPerUnit;IfcMassMeasure;InertWastePerUnit;IfcMassMeasure;RadioactiveWastePerUnit;IfcMassMeasure;StratosphericOzoneLayerDestructionPerUnit;IfcMassMeasure;PhotochemicalOzoneFormationPerUnit;IfcMassMeasure;EutrophicationPerUnit;IfcMassMeasure
Pset_EnvironmentalImpactValues;TotalPrimaryEnergyConsumption;IfcEnergyMeasure;WaterConsumption;IfcVolumeMeasure;HazardousWaste;IfcMassMeasure;NonHazardousWaste;IfcMassMeasure;ClimateChange;IfcMassMeasure;AtmosphericAcidification;IfcMassMeasure;RenewableEnergyConsumption;IfcEnergyMeasure;NonRenewableEnergyConsumption;IfcEnergyMeasure;ResourceDepletion;IfcMassMeasure;InertWaste;IfcMassMeasure;RadioactiveWaste;IfcMassMeasure;StratosphericOzoneLayerDestruction;IfcMassMeasure;PhotochemicalOzoneFormation;IfcMassMeasure;Eutrophication;IfcMassMeasure;LeadInTime;IfcDuration;Duration;IfcDuration;LeadOutTime;IfcDuration
Pset_EvaporativeCoolerTypeCommon;Reference;IfcIdentifier;HeatExchangeArea;IfcAreaMeasure;OperationTemperatureRange;IfcThermodynamicTemperatureMeasure;WaterRequirement;IfcVolumetricFlowRateMeasure;EffectivenessTable;IfcReal;AirPressureDropCurve;IfcPressureMeasure;WaterPressDropCurve;IfcPressureMeasure
Pset_EvaporatorTypeCommon;Reference;IfcIdentifier;ExternalSurfaceArea;IfcAreaMeasure;InternalSurfaceArea;IfcAreaMeasure;InternalRefrigerantVolume;IfcVolumeMeasure;InternalWaterVolume;IfcVolumeMeasure;NominalHeatTransferArea;IfcAreaMeasure;NominalHeatTransferCoefficient;IfcThermalTransmittanceMeasure
Pset_FanOccurrence;FractionOfMotorHeatToAirStream;IfcNormalisedRatioMeasure;ImpellerDiameter;IfcPositiveLengthMeasure
Pset_FanTypeCommon;Reference;IfcIdentifier;OperationTemperatureRange;IfcThermodynamicTemperatureMeasure;NominalAirFlowRate;IfcVolumetricFlowRateMeasure;NominalTotalPressure;IfcPressureMeasure;NominalStaticPressure;IfcPressureMeasure;NominalRotationSpeed;IfcRotationalFrequencyMeasure;NominalPowerRate;IfcPowerMeasure;OperationalCriteria;IfcTimeMeasure;PressureCurve;IfcPressureMeasure;EfficiencyCurve;IfcNormalisedRatioMeasure
Pset_FastenerWeld;Type1;IfcLabel;Type2;IfcLabel;Surface1;IfcLabel;Surface2;IfcLabel;Process;IfcInteger;ProcessName;IfcLabel;a;IfcPositiveLengthMeasure;c;IfcPositiveLengthMeasure;d;IfcPositiveLengthMeasure;e;IfcPositiveLengthMeasure;l;IfcPositiveLengthMeasure;n;IfcCountMeasure;s;IfcPositiveLengthMeasure;z;IfcPositiveLengthMeasure;Intermittent;IfcBoolean;Staggered;IfcBoolean
Pset_FilterTypeAirParticleFilter;DustHoldingCapacity;IfcMassMeasure;FaceSurfaceArea;IfcAreaMeasure;MediaExtendedArea;IfcAreaMeasure;NominalCountedEfficiency;IfcReal;NominalWeightedEfficiency;IfcReal;PressureDropCurve;IfcPressureMeasure;CountedEfficiencyCurve;IfcReal;WeightedEfficiencyCurve;IfcReal
Pset_FilterTypeCommon;Reference;IfcIdentifier;Weight;IfcMassMeasure;InitialResistance;IfcPressureMeasure;FinalResistance;IfcPressureMeasure;OperationTemperatureRange;IfcThermodynamicTemperatureMeasure;FlowRateRange;IfcVolumetricFlowRateMeasure;NominalFilterFaceVelocity;IfcLinearVelocityMeasure;NominalMediaSurfaceVelocity;IfcLinearVelocityMeasure;NominalPressureDrop;IfcPressureMeasure;NominalFlowrate;IfcVolumetricFlowRateMeasure;NominalParticleGeometricMeanDiameter;IfcPositiveLengthMeasure;NominalParticleGeometricStandardDeviation;IfcReal
Pset_FilterTypeCompressedAirFilter;OperationPressureMax;IfcPressureMeasure;ParticleAbsorptionCurve;IfcPositiveRatioMeasure;AutomaticCondensateDischarge;IfcBoolean;CloggingIndicator;IfcBoolean
Pset_FireSuppressionTerminalTypeBreechingInlet;InletDiameter;IfcPositiveLengthMeasure;OutletDiameter;IfcPositiveLengthMeasure;HasCaps;IfcBoolean
Pset_FireSuppressionTerminalTypeCommon;Reference;IfcIdentifier
Pset_FireSuppressionTerminalTypeFireHydrant;PumperConnectionSize;IfcPositiveLengthMeasure;NumberOfHoseConnections;IfcInteger;HoseConnectionSize;IfcPositiveLengthMeasure;DischargeFlowRate;IfcVolumetricFlowRateMeasure;FlowClass;IfcLabel;WaterIsPotable;IfcBoolean;PressureRating;IfcPressureMeasure;BodyColor;IfcText;CapColor;IfcText
Pset_FireSuppressionTerminalTypeHoseReel;InletConnectionSize;IfcPositiveLengthMeasure;HoseDiameter;IfcPositiveLengthMeasure;HoseLength;IfcPositiveLengthMeasure;ClassOfService;IfcLabel;ClassificationAuthority;IfcLabel
Pset_FireSuppressionTerminalTypeSprinkler;ActivationTemperature;IfcThermodynamicTemperatureMeasure;CoverageArea;IfcAreaMeasure;HasDeflector;IfcBoolean;DischargeFlowRate;IfcVolumetricFlowRateMeasure;ResidualFlowingPressure;IfcPressureMeasure;DischargeCoefficient;IfcReal;MaximumWorkingPressure;IfcPressureMeasure;ConnectionSize;IfcPositiveLengthMeasure
Pset_FlowInstrumentTypeCommon;Reference;IfcIdentifier
Pset_FlowInstrumentTypePressureGauge;DisplaySize;IfcPositiveLengthMeasure
Pset_FlowInstrumentTypeThermometer;DisplaySize;IfcPositiveLengthMeasure
Pset_FlowMeterTypeCommon;Reference;IfcIdentifier;RemoteReading;IfcBoolean
Pset_FlowMeterTypeEnergyMeter;NominalCurrent;IfcElectricCurrentMeasure;MaximumCurrent;IfcElectricCurrentMeasure;MultipleTarriff;IfcBoolean
Pset_FlowMeterTypeGasMeter;ConnectionSize;IfcPositiveLengthMeasure;MaximumFlowRate;IfcVolumetricFlowRateMeasure;MaximumPressureLoss;IfcPressureMeasure
Pset_FlowMeterTypeOilMeter;ConnectionSize;IfcPositiveLengthMeasure;MaximumFlowRate;IfcVolumetricFlowRateMeasure
Pset_FlowMeterTypeWaterMeter;ConnectionSize;IfcPositiveLengthMeasure;MaximumFlowRate;IfcVolumetricFlowRateMeasure;MaximumPressureLoss;IfcPressureMeasure
Pset_FootingCommon;Reference;IfcIdentifier;LoadBearing;IfcBoolean
Pset_FurnitureTypeChair;SeatingHeight;IfcPositiveLengthMeasure;HighestSeatingHeight;IfcPositiveLengthMeasure;LowestSeatingHeight;IfcPositiveLengthMeasure
Pset_FurnitureTypeCommon;Reference;IfcIdentifier;Style;IfcLabel;NominalHeight;IfcPositiveLengthMeasure;NominalLength;IfcPositiveLengthMeasure;NominalDepth;IfcPositiveLengthMeasure;MainColor;IfcLabel;IsBuiltIn;IfcBoolean
Pset_FurnitureTypeDesk;WorksurfaceArea;IfcAreaMeasure
Pset_FurnitureTypeFileCabinet;WithLock;IfcBoolean
Pset_FurnitureTypeTable;WorksurfaceArea;IfcAreaMeasure;NumberOfChairs;IfcInteger
Pset_HeatExchangerTypeCommon;Reference;IfcIdentifier
Pset_HeatExchangerTypePlate;NumberOfPlates;IfcInteger
Pset_HumidifierTypeCommon;Reference;IfcIdentifier;Weight;IfcMassMeasure;NominalMoistureGain;IfcMassFlowRateMeasure;NominalAirFlowRate;IfcVolumetricFlowRateMeasure;WaterRequirement;IfcVolumetricFlowRateMeasure;SaturationEfficiencyCurve;IfcNormalisedRatioMeasure;AirPressureDropCurve;IfcPressureMeasure
Pset_InterceptorTypeCommon;Reference;IfcIdentifier;NominalBodyLength;IfcPositiveLengthMeasure;NominalBodyWidth;IfcPositiveLengthMeasure;NominalBodyDepth;IfcPositiveLengthMeasure;InletConnectionSize;IfcPositiveLengthMeasure;OutletConnectionSize;IfcPositiveLengthMeasure;CoverLength;IfcPositiveLengthMeasure;CoverWidth;IfcPositiveLengthMeasure;VentilatingPipeSize;IfcPositiveLengthMeasure
Pset_JunctionBoxTypeCommon;Reference;IfcIdentifier;NumberOfGangs;IfcInteger;ClearDepth;IfcPositiveLengthMeasure;IsExternal;IfcBoolean;IP_Code;IfcLabel
Pset_LampTypeCommon;Reference;IfcIdentifier;ContributedLuminousFlux;IfcLuminousFluxMeasure;LightEmitterNominalPower;IfcPowerMeasure;LampMaintenanceFactor;IfcReal;ColorAppearance;IfcLabel;Spectrum;IfcNumericMeasure;ColorTemperature;IfcThermodynamicTemperatureMeasure;ColorRenderingIndex;IfcInteger
Pset_LandRegistration;LandID;IfcIdentifier;IsPermanentID;IfcBoolean;LandTitleID;IfcIdentifier
Pset_LightFixtureTypeCommon;Reference;IfcIdentifier;NumberOfSources;IfcInteger;TotalWattage;IfcPowerMeasure;MaintenanceFactor;IfcReal;MaximumPlenumSensibleLoad;IfcPowerMeasure;MaximumSpaceSensibleLoad;IfcPowerMeasure;SensibleLoadToRadiant;IfcPositiveRatioMeasure
Pset_LightFixtureTypeSecurityLighting;FixtureHeight;IfcPositiveLengthMeasure
Pset_ManufacturerOccurrence;AcquisitionDate;IfcDate;BarCode;IfcIdentifier;SerialNumber;IfcIdentifier;BatchReference;IfcIdentifier
Pset_ManufacturerTypeInformation;GlobalTradeItemNumber;IfcIdentifier;ArticleNumber;IfcIdentifier;ModelReference;IfcLabel;ModelLabel;IfcLabel;Manufacturer;IfcLabel;ProductionYear;IfcLabel
Pset_MaterialCombustion;SpecificHeatCapacity;IfcSpecificHeatCapacityMeasure;N20Content;IfcPositiveRatioMeasure;COContent;IfcPositiveRatioMeasure;CO2Content;IfcPositiveRatioMeasure
Pset_MaterialCommon;MolecularWeight;IfcMolecularWeightMeasure;Porosity;IfcNormalisedRatioMeasure;MassDensity;IfcMassDensityMeasure
Pset_MaterialConcrete;CompressiveStrength;IfcPressureMeasure;MaxAggregateSize;IfcPositiveLengthMeasure;AdmixturesDescription;IfcText;Workability;IfcText;WaterImpermeability;IfcText;ProtectivePoreRatio;IfcNormalisedRatioMeasure
Pset_MaterialEnergy;ViscosityTemperatureDerivative;IfcReal;MoistureCapacityThermalGradient;IfcReal;ThermalConductivityTemperatureDerivative;IfcReal;SpecificHeatTemperatureDerivative;IfcReal;VisibleRefractionIndex;IfcReal;SolarRefractionIndex;IfcReal;GasPressure;IfcPressureMeasure
Pset_MaterialFuel;CombustionTemperature;IfcThermodynamicTemperatureMeasure;CarbonContent;IfcPositiveRatioMeasure;LowerHeatingValue;IfcHeatingValueMeasure;HigherHeatingValue;IfcHeatingValueMeasure
Pset_MaterialHygroscopic;UpperVaporResistanceFactor;IfcPositiveRatioMeasure;LowerVaporResistanceFactor;IfcPositiveRatioMeasure;IsothermalMoistureCapacity;IfcIsothermalMoistureCapacityMeasure;VaporPermeability;IfcVaporPermeabilityMeasure;MoistureDiffusivity;IfcMoistureDiffusivityMeasure
Pset_MaterialMechanical;DynamicViscosity;IfcDynamicViscosityMeasure;YoungModulus;IfcModulusOfElasticityMeasure;ShearModulus;IfcModulusOfElasticityMeasure;PoissonRatio;IfcPositiveRatioMeasure;ThermalExpansionCoefficient;IfcThermalExpansionCoefficientMeasure
Pset_MaterialOptical;VisibleTransmittance;IfcPositiveRatioMeasure;SolarTransmittance;IfcPositiveRatioMeasure;ThermalIrTransmittance;IfcPositiveRatioMeasure;ThermalIrEmissivityBack;IfcPositiveRatioMeasure;ThermalIrEmissivityFront;IfcPositiveRatioMeasure;VisibleReflectanceBack;IfcPositiveRatioMeasure;VisibleReflectanceFront;IfcPositiveRatioMeasure;SolarReflectanceBack;IfcPositiveRatioMeasure;SolarReflectanceFront;IfcPositiveRatioMeasure
Pset_MaterialSteel;YieldStress;IfcPressureMeasure;UltimateStress;IfcPressureMeasure;UltimateStrain;IfcPositiveRatioMeasure;HardeningModule;IfcModulusOfElasticityMeasure;ProportionalStress;IfcPressureMeasure;PlasticStrain;IfcPositiveRatioMeasure;Relaxations;IfcNormalisedRatioMeasure
Pset_MaterialThermal;SpecificHeatCapacity;IfcSpecificHeatCapacityMeasure;BoilingPoint;IfcThermodynamicTemperatureMeasure;FreezingPoint;IfcThermodynamicTemperatureMeasure;ThermalConductivity;IfcThermalConductivityMeasure
Pset_MaterialWater;IsPotable;IfcBoolean;Hardness;IfcIonConcentrationMeasure;AlkalinityConcentration;IfcIonConcentrationMeasure;AcidityConcentration;IfcIonConcentrationMeasure;ImpuritiesContent;IfcNormalisedRatioMeasure;DissolvedSolidsContent;IfcNormalisedRatioMeasure;PHLevel;IfcPHMeasure
Pset_MaterialWood;Species;IfcLabel;StrengthGrade;IfcLabel;AppearanceGrade;IfcLabel;Layup;IfcLabel;Layers;IfcInteger;Plies;IfcInteger;MoistureContent;IfcPositiveRatioMeasure;DimensionalChangeCoefficient;IfcPositiveRatioMeasure;ThicknessSwelling;IfcPositiveRatioMeasure
Pset_MaterialWoodBasedBeam;ApplicableStructuralDesignMethod;IfcLabel;InPlane;IfcModulusOfElasticityMeasure;YoungModulusMin;IfcModulusOfElasticityMeasure;YoungModulusPerp;IfcModulusOfElasticityMeasure;YoungModulusPerpMin;IfcModulusOfElasticityMeasure;ShearModulus;IfcModulusOfElasticityMeasure;ShearModulusMin;IfcModulusOfElasticityMeasure;BendingStrength;IfcPressureMeasure;TensileStrength;IfcPressureMeasure;TensileStrengthPerp;IfcPressureMeasure;CompStrength;IfcPressureMeasure;CompStrengthPerp;IfcPressureMeasure;RaisedCompStrengthPerp;IfcPressureMeasure;ShearStrength;IfcPressureMeasure;TorsionalStrength;IfcPressureMeasure;ReferenceDepth;IfcPositiveLengthMeasure;InstabilityFactors;IfcPositiveRatioMeasure;InPlaneNegative;IfcModulusOfElasticityMeasure;YoungModulusMin;IfcModulusOfElasticityMeasure;YoungModulusPerp;IfcModulusOfElasticityMeasure;YoungModulusPerpMin;IfcModulusOfElasticityMeasure;ShearModulus;IfcModulusOfElasticityMeasure;ShearModulusMin;IfcModulusOfElasticityMeasure;BendingStrength;IfcPressureMeasure;TensileStrength;IfcPressureMeasure;TensileStrengthPerp;IfcPressureMeasure;CompStrength;IfcPressureMeasure;CompStrengthPerp;IfcPressureMeasure;RaisedCompStrengthPerp;IfcPressureMeasure;ShearStrength;IfcPressureMeasure;TorsionalStrength;IfcPressureMeasure;ReferenceDepth;IfcPositiveLengthMeasure;InstabilityFactors;IfcPositiveRatioMeasure;OutOfPlane;IfcModulusOfElasticityMeasure;YoungModulusMin;IfcModulusOfElasticityMeasure;YoungModulusPerp;IfcModulusOfElasticityMeasure;YoungModulusPerpMin;IfcModulusOfElasticityMeasure;ShearModulus;IfcModulusOfElasticityMeasure;ShearModulusMin;IfcModulusOfElasticityMeasure;BendingStrength;IfcPressureMeasure;TensileStrength;IfcPressureMeasure;TensileStrengthPerp;IfcPressureMeasure;CompStrength;IfcPressureMeasure;CompStrengthPerp;IfcPressureMeasure;RaisedCompStrengthPerp;IfcPressureMeasure;ShearStrength;IfcPressureMeasure;TorsionalStrength;IfcPressureMeasure;ReferenceDepth;IfcPositiveLengthMeasure;InstabilityFactors;IfcPositiveRatioMeasure
Pset_MaterialWoodBasedPanel;ApplicableStructuralDesignMethod;IfcLabel;InPlane;IfcModulusOfElasticityMeasure;YoungModulusTension;IfcModulusOfElasticityMeasure;YoungModulusCompression;IfcModulusOfElasticityMeasure;ShearModulus;IfcModulusOfElasticityMeasure;BendingStrength;IfcPressureMeasure;CompressiveStrength;IfcPressureMeasure;TensileStrength;IfcPressureMeasure;ShearStrength;IfcPressureMeasure;BearingStrength;IfcPressureMeasure;RaisedCompressiveStrength;IfcPressureMeasure;ReferenceDepth;IfcPositiveLengthMeasure;OutOfPlane;IfcModulusOfElasticityMeasure;YoungModulusTension;IfcModulusOfElasticityMeasure;YoungModulusCompression;IfcModulusOfElasticityMeasure;ShearModulus;IfcModulusOfElasticityMeasure;BendingStrength;IfcPressureMeasure;CompressiveStrength;IfcPressureMeasure;TensileStrength;IfcPressureMeasure;ShearStrength;IfcPressureMeasure;BearingStrength;IfcPressureMeasure;RaisedCompressiveStrength;IfcPressureMeasure;ReferenceDepth;IfcPositiveLengthMeasure;OutOfPlaneNegative;IfcModulusOfElasticityMeasure;YoungModulusTension;IfcModulusOfElasticityMeasure;YoungModulusCompression;IfcModulusOfElasticityMeasure;ShearModulus;IfcModulusOfElasticityMeasure;BendingStrength;IfcPressureMeasure;CompressiveStrength;IfcPressureMeasure;TensileStrength;IfcPressureMeasure;ShearStrength;IfcPressureMeasure;BearingStrength;IfcPressureMeasure;RaisedCompressiveStrength;IfcPressureMeasure;ReferenceDepth;IfcPositiveLengthMeasure
Pset_MechanicalFastenerAnchorBolt;AnchorBoltLength;IfcPositiveLengthMeasure;AnchorBoltDiameter;IfcPositiveLengthMeasure;AnchorBoltThreadLength;IfcPositiveLengthMeasure;AnchorBoltProtrusionLength;IfcPositiveLengthMeasure
Pset_MechanicalFastenerBolt;ThreadDiameter;IfcPositiveLengthMeasure;ThreadLength;IfcPositiveLengthMeasure;NutsCount;IfcCountMeasure;WashersCount;IfcCountMeasure;HeadShape;IfcLabel;KeyShape;IfcLabel;NutShape;IfcLabel;WasherShape;IfcLabel
Pset_MedicalDeviceTypeCommon;Reference;IfcIdentifier
Pset_MemberCommon;Reference;IfcIdentifier;Span;IfcPositiveLengthMeasure;Slope;IfcPlaneAngleMeasure;Roll;IfcPlaneAngleMeasure;IsExternal;IfcBoolean;ThermalTransmittance;IfcThermalTransmittanceMeasure;LoadBearing;IfcBoolean;FireRating;IfcLabel
Pset_MotorConnectionTypeCommon;Reference;IfcIdentifier
Pset_OpeningElementCommon;Reference;IfcIdentifier;Purpose;IfcLabel;FireExit;IfcBoolean;ProtectedOpening;IfcBoolean
Pset_OutletTypeCommon;Reference;IfcIdentifier;IsPluggableOutlet;IfcLogical;NumberOfSockets;IfcInteger
Pset_OutsideDesignCriteria;HeatingDryBulb;IfcThermodynamicTemperatureMeasure;HeatingWetBulb;IfcThermodynamicTemperatureMeasure;HeatingDesignDay;IfcDateTime;CoolingDryBulb;IfcThermodynamicTemperatureMeasure;CoolingWetBulb;IfcThermodynamicTemperatureMeasure;CoolingDesignDay;IfcDateTime;WeatherDataStation;IfcText;WeatherDataDate;IfcDateTime;PrevailingWindDirection;IfcPlaneAngleMeasure;PrevailingWindVelocity;IfcLinearVelocityMeasure
Pset_PackingInstructions;SpecialInstructions;IfcText
Pset_Permit;EscortRequirement;IfcBoolean;StartDate;IfcDateTime;EndDate;IfcDateTime;SpecialRequirements;IfcText
Pset_PileCommon;Reference;IfcIdentifier;LoadBearing;IfcBoolean
Pset_PipeConnectionFlanged;FlangeTable;IfcLabel;FlangeStandard;IfcLabel;BoreSize;IfcPositiveLengthMeasure;FlangeDiameter;IfcPositiveLengthMeasure;FlangeThickness;IfcPositiveLengthMeasure;NumberOfBoltholes;IfcInteger;BoltSize;IfcPositiveLengthMeasure;BoltholePitch;IfcPositiveLengthMeasure
Pset_PipeFittingOccurrence;InteriorRoughnessCoefficient;IfcPositiveLengthMeasure;Color;IfcLabel
Pset_PipeFittingTypeBend;BendAngle;IfcPositivePlaneAngleMeasure;BendRadius;IfcPositiveLengthMeasure
Pset_PipeFittingTypeCommon;Reference;IfcIdentifier;PressureClass;IfcPressureMeasure;PressureRange;IfcPressureMeasure;TemperatureRange;IfcThermodynamicTemperatureMeasure;FittingLossFactor;IfcReal
Pset_PipeFittingTypeJunction;JunctionLeftAngle;IfcPositivePlaneAngleMeasure;JunctionLeftRadius;IfcPositiveLengthMeasure;JunctionRightAngle;IfcPositivePlaneAngleMeasure;JunctionRightRadius;IfcPositiveLengthMeasure
Pset_PipeSegmentOccurrence;InteriorRoughnessCoefficient;IfcPositiveLengthMeasure;Color;IfcLabel;Gradient;IfcPositiveRatioMeasure;InvertElevation;IfcLengthMeasure
Pset_PipeSegmentTypeCommon;Reference;IfcIdentifier;WorkingPressure;IfcPressureMeasure;PressureRange;IfcPressureMeasure;TemperatureRange;IfcThermodynamicTemperatureMeasure;NominalDiameter;IfcPositiveLengthMeasure;InnerDiameter;IfcPositiveLengthMeasure;OuterDiameter;IfcPositiveLengthMeasure
Pset_PipeSegmentTypeCulvert;InternalWidth;IfcLengthMeasure;ClearDepth;IfcLengthMeasure
Pset_PipeSegmentTypeGutter;Slope;IfcPlaneAngleMeasure;FlowRating;IfcVolumetricFlowRateMeasure
Pset_PlateCommon;Reference;IfcIdentifier;AcousticRating;IfcLabel;IsExternal;IfcBoolean;ThermalTransmittance;IfcThermalTransmittanceMeasure;LoadBearing;IfcBoolean;FireRating;IfcLabel
Pset_PrecastConcreteElementFabrication;TypeDesignator;IfcLabel;ProductionLotId;IfcIdentifier;SerialNumber;IfcIdentifier;PieceMark;IfcLabel;AsBuiltLocationNumber;IfcLabel;ActualProductionDate;IfcDateTime;ActualErectionDate;IfcDateTime
Pset_PrecastConcreteElementGeneral;TypeDesignator;IfcLabel;CornerChamfer;IfcPositiveLengthMeasure;ManufacturingToleranceClass;IfcLabel;FormStrippingStrength;IfcPressureMeasure;LiftingStrength;IfcPressureMeasure;ReleaseStrength;IfcPressureMeasure;MinimumAllowableSupportLength;IfcPositiveLengthMeasure;InitialTension;IfcPressureMeasure;TendonRelaxation;IfcPositiveRatioMeasure;TransportationStrength;IfcPressureMeasure;SupportDuringTransportDescription;IfcText;HollowCorePlugging;IfcLabel;CamberAtMidspan;IfcRatioMeasure;BatterAtStart;IfcPlaneAngleMeasure;BatterAtEnd;IfcPlaneAngleMeasure;Twisting;IfcPlaneAngleMeasure;Shortening;IfcRatioMeasure;PieceMark;IfcLabel;DesignLocationNumber;IfcLabel
Pset_PrecastSlab;TypeDesignator;IfcLabel;ToppingType;IfcLabel;EdgeDistanceToFirstAxis;IfcPositiveLengthMeasure;DistanceBetweenComponentAxes;IfcPositiveLengthMeasure;AngleToFirstAxis;IfcPlaneAngleMeasure;AngleBetweenComponentAxes;IfcPlaneAngleMeasure;NominalThickness;IfcPositiveLengthMeasure;NominalToppingThickness;IfcPositiveLengthMeasure
Pset_ProfileArbitraryDoubleT;OverallWidth;IfcPositiveLengthMeasure;LeftFlangeWidth;IfcPositiveLengthMeasure;RightFlangeWidth;IfcPositiveLengthMeasure;OverallDepth;IfcPositiveLengthMeasure;FlangeDepth;IfcPositiveLengthMeasure;FlangeDraft;IfcNonNegativeLengthMeasure;FlangeChamfer;IfcNonNegativeLengthMeasure;FlangeBaseFillet;IfcNonNegativeLengthMeasure;FlangeTopFillet;IfcNonNegativeLengthMeasure;StemBaseWidth;IfcPositiveLengthMeasure;StemTopWidth;IfcPositiveLengthMeasure;StemBaseChamfer;IfcNonNegativeLengthMeasure;StemTopChamfer;IfcNonNegativeLengthMeasure;StemBaseFillet;IfcNonNegativeLengthMeasure;StemTopFillet;IfcNonNegativeLengthMeasure
Pset_ProfileArbitraryHollowCore;OverallWidth;IfcPositiveLengthMeasure;OverallDepth;IfcPositiveLengthMeasure;EdgeDraft;IfcNonNegativeLengthMeasure;DraftBaseOffset;IfcNonNegativeLengthMeasure;DraftSideOffset;IfcNonNegativeLengthMeasure;BaseChamfer;IfcNonNegativeLengthMeasure;KeyDepth;IfcNonNegativeLengthMeasure;KeyHeight;IfcNonNegativeLengthMeasure;KeyOffset;IfcNonNegativeLengthMeasure;BottomCover;IfcPositiveLengthMeasure;CoreSpacing;IfcPositiveLengthMeasure;CoreBaseHeight;IfcPositiveLengthMeasure;CoreMiddleHeight;IfcPositiveLengthMeasure;CoreTopHeight;IfcPositiveLengthMeasure;CoreBaseWidth;IfcPositiveLengthMeasure;CoreTopWidth;IfcPositiveLengthMeasure;CenterCoreSpacing;IfcPositiveLengthMeasure;CenterCoreBaseHeight;IfcPositiveLengthMeasure;CenterCoreMiddleHeight;IfcPositiveLengthMeasure;CenterCoreTopHeight;IfcPositiveLengthMeasure;CenterCoreBaseWidth;IfcPositiveLengthMeasure;CenterCoreTopWidth;IfcPositiveLengthMeasure;NumberOfCores;IfcCountMeasure
Pset_ProfileMechanical;MassPerLength;IfcMassPerLengthMeasure;CrossSectionArea;IfcAreaMeasure;Perimeter;IfcPositiveLengthMeasure;MinimumPlateThickness;IfcPositiveLengthMeasure;MaximumPlateThickness;IfcPositiveLengthMeasure;CentreOfGravityInX;IfcLengthMeasure;CentreOfGravityInY;IfcLengthMeasure;ShearCentreZ;IfcLengthMeasure;ShearCentreY;IfcLengthMeasure;MomentOfInertiaY;IfcMomentOfInertiaMeasure;MomentOfInertiaZ;IfcMomentOfInertiaMeasure;MomentOfInertiaYZ;IfcMomentOfInertiaMeasure;TorsionalConstantX;IfcMomentOfInertiaMeasure;WarpingConstant;IfcWarpingConstantMeasure;ShearDeformationAreaZ;IfcAreaMeasure;ShearDeformationAreaY;IfcAreaMeasure;MaximumSectionModulusY;IfcSectionModulusMeasure;MinimumSectionModulusY;IfcSectionModulusMeasure;MaximumSectionModulusZ;IfcSectionModulusMeasure;MinimumSectionModulusZ;IfcSectionModulusMeasure;TorsionalSectionModulus;IfcSectionModulusMeasure;ShearAreaZ;IfcAreaMeasure;ShearAreaY;IfcAreaMeasure;PlasticShapeFactorY;IfcPositiveRatioMeasure;PlasticShapeFactorZ;IfcPositiveRatioMeasure
Pset_ProjectOrderChangeOrder;ReasonForChange;IfcText;BudgetSource;IfcText
Pset_ProjectOrderMaintenanceWorkOrder;ProductDescription;IfcText;WorkTypeRequested;IfcText;ContractualType;IfcText;IfNotAccomplished;IfcText;ScheduledFrequency;IfcTimeMeasure
Pset_ProjectOrderMoveOrder;SpecialInstructions;IfcText
Pset_ProjectOrderPurchaseOrder;IsFOB;IfcBoolean;ShipMethod;IfcText
Pset_ProjectOrderWorkOrder;ProductDescription;IfcText;WorkTypeRequested;IfcText;ContractualType;IfcText;IfNotAccomplished;IfcText
Pset_PropertyAgreement;Identifier;IfcIdentifier;Version;IfcLabel;VersionDate;IfcDate;PropertyName;IfcLabel;CommencementDate;IfcDate;TerminationDate;IfcDate;Duration;IfcDuration;Options;IfcText;ConditionCommencement;IfcText;Restrictions;IfcText;ConditionTermination;IfcText
Pset_ProtectiveDeviceBreakerUnitI2TCurve;NominalCurrent;IfcElectricCurrentMeasure;BreakerUnitCurve;IfcReal
Pset_ProtectiveDeviceBreakerUnitI2TFuseCurve;BreakerUnitFuseMeltingCurve;IfcReal;BreakerUnitFuseBreakingingCurve;IfcReal
Pset_ProtectiveDeviceBreakerUnitIPICurve;NominalCurrent;IfcElectricCurrentMeasure;BreakerUnitIPICurve;IfcElectricCurrentMeasure
Pset_ProtectiveDeviceBreakerUnitTypeMCB;PowerLoss;IfcPowerMeasure;NominalCurrents;IfcElectricCurrentMeasure;ICU60947;IfcElectricCurrentMeasure;ICS60947;IfcElectricCurrentMeasure;ICN60898;IfcElectricCurrentMeasure;ICS60898;IfcElectricCurrentMeasure
Pset_ProtectiveDeviceBreakerUnitTypeMotorProtection;PerformanceClasses;IfcLabel;ICU60947;IfcElectricCurrentMeasure;ICS60947;IfcElectricCurrentMeasure;ICW60947;IfcElectricCurrentMeasure;ICM60947;IfcElectricCurrentMeasure
Pset_ProtectiveDeviceOccurrence;LongTimeFunction;IfcBoolean;ShortTimeFunction;IfcBoolean;ShortTimei2tFunction;IfcBoolean;GroundFaultFunction;IfcBoolean;GroundFaulti2tFunction;IfcBoolean;LongTimeCurrentSetValue;IfcElectricCurrentMeasure;ShortTimeCurrentSetValue;IfcElectricCurrentMeasure;InstantaneousCurrentSetValue;IfcElectricCurrentMeasure;GroundFaultCurrentSetValue;IfcElectricCurrentMeasure;LongTimeDelay;IfcTimeMeasure;ShortTimeTrippingTime;IfcTimeMeasure;InstantaneousTrippingTime;IfcTimeMeasure;GroundFaultTrippingTime;IfcTimeMeasure
Pset_ProtectiveDeviceTrippingCurve;TrippingCurve;IfcTimeMeasure
Pset_ProtectiveDeviceTrippingFunctionGCurve;IsSelectable;IfcBoolean;NominalCurrentAdjusted;IfcBoolean;ExternalAdjusted;IfcBoolean;ReleaseCurrent;IfcElectricCurrentMeasure;ReleaseTime;IfcTimeMeasure;CurrentTolerance1;IfcPositiveRatioMeasure;CurrentToleranceLimit1;IfcTimeMeasure;CurrentTolerance2;IfcPositiveRatioMeasure;IsCurrentTolerancePositiveOnly;IfcBoolean;TimeTolerance1;IfcPositiveRatioMeasure;TimeToleranceLimit1;IfcElectricCurrentMeasure;TimeTolerance2;IfcPositiveRatioMeasure;IsTimeTolerancePositiveOnly;IfcBoolean;ReleaseCurrentI2tStart;IfcElectricCurrentMeasure;ReleaseTimeI2tStart;IfcTimeMeasure;ReleaseCurrentI2tEnd;IfcElectricCurrentMeasure;ReleaseTimeI2tEnd;IfcTimeMeasure
Pset_ProtectiveDeviceTrippingFunctionICurve;IsSelectable;IfcBoolean;NominalCurrentAdjusted;IfcBoolean;ReleaseCurrent;IfcElectricCurrentMeasure;ReleaseTime;IfcTimeMeasure;CurrentTolerance1;IfcPositiveRatioMeasure;CurrentToleranceLimit1;IfcTimeMeasure;CurrentTolerance2;IfcPositiveRatioMeasure;IsCurrentTolerancePositiveOnly;IfcBoolean;TimeTolerance1;IfcPositiveRatioMeasure;TimeToleranceLimit1;IfcElectricCurrentMeasure;TimeTolerance2;IfcPositiveRatioMeasure;IsTimeTolerancePositiveOnly;IfcBoolean;MaxAdjustmentX_ICS;IfcElectricCurrentMeasure;IsOffWhenSFunctionOn;IfcBoolean
Pset_ProtectiveDeviceTrippingFunctionLCurve;IsSelectable;IfcBoolean;UpperCurrent1;IfcElectricCurrentMeasure;UpperCurrent2;IfcElectricCurrentMeasure;UpperTime1;IfcTimeMeasure;UpperTime2;IfcTimeMeasure;LowerCurrent1;IfcElectricCurrentMeasure;LowerCurrent2;IfcElectricCurrentMeasure;LowerTime1;IfcTimeMeasure;LowerTime2;IfcTimeMeasure
Pset_ProtectiveDeviceTrippingFunctionSCurve;IsSelectable;IfcBoolean;NominalCurrentAdjusted;IfcBoolean;ReleaseCurrent;IfcElectricCurrentMeasure;ReleaseTime;IfcTimeMeasure;CurrentTolerance1;IfcPositiveRatioMeasure;CurrentToleranceLimit1;IfcTimeMeasure;CurrentTolerance2;IfcPositiveRatioMeasure;IsCurrentTolerancePositiveOnly;IfcBoolean;TimeTolerance1;IfcPositiveRatioMeasure;TimeToleranceLimit1;IfcElectricCurrentMeasure;TimeTolerance2;IfcPositiveRatioMeasure;IsTimeTolerancePositiveOnly;IfcBoolean;ReleaseCurrentI2tStart;IfcElectricCurrentMeasure;ReleaseTimeI2tStart;IfcTimeMeasure;ReleaseCurrentI2tEnd;IfcElectricCurrentMeasure;ReleaseTimeI2tEnd;IfcTimeMeasure;IsOffWhenLfunctionOn;IfcBoolean
Pset_ProtectiveDeviceTrippingUnitCurrentAdjustment;AdjustmentRange;IfcElectricCurrentMeasure;AdjustmentRangeStepValue;IfcElectricCurrentMeasure;AdjustmentValues;IfcElectricCurrentMeasure;AdjustmentDesignation;IfcLabel
Pset_ProtectiveDeviceTrippingUnitTimeAdjustment;AdjustmentRange;IfcTimeMeasure;AdjustmentRangeStepValue;IfcTimeMeasure;AdjustmentValues;IfcTimeMeasure;AdjustmentDesignation;IfcLabel;CurrentForTimeDelay;IfcTimeMeasure
Pset_ProtectiveDeviceTrippingUnitTypeCommon;Reference;IfcIdentifier;Standard;IfcLabel;UseInDiscrimination;IfcBoolean;AtexVerified;IfcBoolean;OldDevice;IfcBoolean;LimitingTerminalSize;IfcAreaMeasure
Pset_ProtectiveDeviceTrippingUnitTypeElectroMagnetic;I1;IfcReal;I2;IfcReal;T2;IfcTimeMeasure;DefinedTemperature;IfcThermodynamicTemperatureMeasure;TemperatureFactor;IfcRatioMeasure;I4;IfcReal;I5;IfcReal;T5;IfcTimeMeasure;CurveDesignation;IfcLabel
Pset_ProtectiveDeviceTrippingUnitTypeElectronic;NominalCurrents;IfcElectricCurrentMeasure;N_Protection;IfcBoolean;N_Protection_50;IfcBoolean;N_Protection_100;IfcBoolean;N_Protection_Select;IfcBoolean
Pset_ProtectiveDeviceTrippingUnitTypeThermal;I1;IfcReal;I2;IfcReal;T2;IfcTimeMeasure;DefinedTemperature;IfcThermodynamicTemperatureMeasure;TemperatureFactor;IfcRatioMeasure;CurveDesignation;IfcLabel
Pset_ProtectiveDeviceTypeCircuitBreaker;PerformanceClasses;IfcLabel;ICU60947;IfcElectricCurrentMeasure;ICS60947;IfcElectricCurrentMeasure;ICW60947;IfcElectricCurrentMeasure;ICM60947;IfcElectricCurrentMeasure
Pset_ProtectiveDeviceTypeCommon;Reference;IfcIdentifier
Pset_ProtectiveDeviceTypeEarthLeakageCircuitBreaker;Sensitivity;IfcElectricCurrentMeasure
Pset_ProtectiveDeviceTypeFuseDisconnector;IC60269;IfcElectricCurrentMeasure;PowerLoss;IfcPowerMeasure
Pset_ProtectiveDeviceTypeResidualCurrentCircuitBreaker;Sensitivity;IfcElectricCurrentMeasure
Pset_ProtectiveDeviceTypeResidualCurrentSwitch;Sensitivity;IfcElectricCurrentMeasure
Pset_PumpOccurrence;ImpellerDiameter;IfcPositiveLengthMeasure
Pset_PumpTypeCommon;Reference;IfcIdentifier;FlowRateRange;IfcMassFlowRateMeasure;FlowResistanceRange;IfcPressureMeasure;ConnectionSize;IfcPositiveLengthMeasure;TemperatureRange;IfcThermodynamicTemperatureMeasure;NetPositiveSuctionHead;IfcPressureMeasure;NominalRotationSpeed;IfcRotationalFrequencyMeasure
Pset_RailingCommon;Reference;IfcIdentifier;Height;IfcPositiveLengthMeasure;Diameter;IfcPositiveLengthMeasure;IsExternal;IfcBoolean
Pset_RampCommon;Reference;IfcIdentifier;RequiredHeadroom;IfcPositiveLengthMeasure;RequiredSlope;IfcPlaneAngleMeasure;HandicapAccessible;IfcBoolean;HasNonSkidSurface;IfcBoolean;FireExit;IfcBoolean;IsExternal;IfcBoolean;ThermalTransmittance;IfcThermalTransmittanceMeasure;LoadBearing;IfcBoolean;FireRating;IfcLabel
Pset_RampFlightCommon;Reference;IfcIdentifier;Headroom;IfcPositiveLengthMeasure;ClearWidth;IfcPositiveLengthMeasure;Slope;IfcPlaneAngleMeasure;CounterSlope;IfcPlaneAngleMeasure
Pset_ReinforcementBarCountOfIndependentFooting;Description;IfcText;Reference;IfcLabel;XDirectionLowerBarCount;IfcInteger;YDirectionLowerBarCount;IfcInteger;XDirectionUpperBarCount;IfcInteger;YDirectionUpperBarCount;IfcInteger
Pset_ReinforcementBarPitchOfBeam;Description;IfcText;Reference;IfcLabel;StirrupBarPitch;IfcPositiveLengthMeasure;SpacingBarPitch;IfcPositiveLengthMeasure
Pset_ReinforcementBarPitchOfColumn;Description;IfcText;Reference;IfcLabel;HoopBarPitch;IfcPositiveLengthMeasure;XDirectionTieHoopBarPitch;IfcPositiveLengthMeasure;XDirectionTieHoopCount;IfcInteger;YDirectionTieHoopBarPitch;IfcPositiveLengthMeasure;YDirectionTieHoopCount;IfcInteger
Pset_ReinforcementBarPitchOfContinuousFooting;Description;IfcText;Reference;IfcLabel;CrossingUpperBarPitch;IfcPositiveLengthMeasure;CrossingLowerBarPitch;IfcPositiveLengthMeasure
Pset_ReinforcementBarPitchOfSlab;Description;IfcText;Reference;IfcLabel;LongOutsideTopBarPitch;IfcPositiveLengthMeasure;LongInsideCenterTopBarPitch;IfcPositiveLengthMeasure;LongInsideEndTopBarPitch;IfcPositiveLengthMeasure;ShortOutsideTopBarPitch;IfcPositiveLengthMeasure;ShortInsideCenterTopBarPitch;IfcPositiveLengthMeasure;ShortInsideEndTopBarPitch;IfcPositiveLengthMeasure;LongOutsideLowerBarPitch;IfcPositiveLengthMeasure;LongInsideCenterLowerBarPitch;IfcPositiveLengthMeasure;LongInsideEndLowerBarPitch;IfcPositiveLengthMeasure;ShortOutsideLowerBarPitch;IfcPositiveLengthMeasure;ShortInsideCenterLowerBarPitch;IfcPositiveLengthMeasure;ShortInsideEndLowerBarPitch;IfcPositiveLengthMeasure
Pset_ReinforcementBarPitchOfWall;Description;IfcText;Reference;IfcLabel;VerticalBarPitch;IfcPositiveLengthMeasure;HorizontalBarPitch;IfcPositiveLengthMeasure;SpacingBarPitch;IfcPositiveLengthMeasure
Pset_Risk;NatureOfRisk;IfcLabel;SubNatureOfRisk1;IfcLabel;SubNatureOfRisk2;IfcLabel;RiskCause;IfcText;AffectsSurroundings;IfcBoolean;PreventiveMeassures;IfcText
Pset_RoofCommon;Reference;IfcIdentifier;AcousticRating;IfcLabel;IsExternal;IfcBoolean;ThermalTransmittance;IfcThermalTransmittanceMeasure;LoadBearing;IfcBoolean;FireRating;IfcLabel
Pset_SanitaryTerminalTypeBath;DrainSize;IfcPositiveLengthMeasure;HasGrabHandles;IfcBoolean
Pset_SanitaryTerminalTypeBidet;SpilloverLevel;IfcPositiveLengthMeasure;DrainSize;IfcPositiveLengthMeasure
Pset_SanitaryTerminalTypeCistern;CisternCapacity;IfcVolumeMeasure;IsSingleFlush;IfcBoolean;FlushRate;IfcVolumeMeasure;IsAutomaticFlush;IfcBoolean
Pset_SanitaryTerminalTypeCommon;Reference;IfcIdentifier;NominalLength;IfcPositiveLengthMeasure;NominalWidth;IfcPositiveLengthMeasure;NominalDepth;IfcPositiveLengthMeasure;Color;IfcLabel
Pset_SanitaryTerminalTypeSanitaryFountain;DrainSize;IfcPositiveLengthMeasure
Pset_SanitaryTerminalTypeShower;HasTray;IfcBoolean;ShowerHeadDescription;IfcText;DrainSize;IfcPositiveLengthMeasure
Pset_SanitaryTerminalTypeSink;Color;IfcLabel;DrainSize;IfcPositiveLengthMeasure;MountingOffset;IfcLengthMeasure
Pset_SanitaryTerminalTypeToiletPan;SpilloverLevel;IfcPositiveLengthMeasure
Pset_SanitaryTerminalTypeUrinal;SpilloverLevel;IfcPositiveLengthMeasure
Pset_SanitaryTerminalTypeWashHandBasin;DrainSize;IfcPositiveLengthMeasure;MountingOffset;IfcLengthMeasure
Pset_SensorTypeCO2Sensor;SetPointConcentration;IfcPositiveRatioMeasure
Pset_SensorTypeCommon;Reference;IfcIdentifier
Pset_SensorTypeConductanceSensor;SetPointConductance;IfcElectricConductanceMeasure
Pset_SensorTypeContactSensor;SetPointContact;IfcInteger
Pset_SensorTypeFireSensor;FireSensorSetPoint;IfcThermodynamicTemperatureMeasure;AccuracyOfFireSensor;IfcThermodynamicTemperatureMeasure;TimeConstant;IfcTimeMeasure
Pset_SensorTypeFlowSensor;SetPointFlow;IfcVolumetricFlowRateMeasure
Pset_SensorTypeFrostSensor;SetPointFrost;IfcPositiveRatioMeasure
Pset_SensorTypeGasSensor;GasDetected;IfcLabel;SetPointConcentration;IfcPositiveRatioMeasure;CoverageArea;IfcAreaMeasure
Pset_SensorTypeHeatSensor;CoverageArea;IfcAreaMeasure;SetPointTemperature;IfcThermodynamicTemperatureMeasure;RateOfTemperatureRise;IfcTemperatureRateOfChangeMeasure
Pset_SensorTypeHumiditySensor;SetPointHumidity;IfcPositiveRatioMeasure
Pset_SensorTypeIdentifierSensor;SetPointIdentifier;IfcIdentifier
Pset_SensorTypeIonConcentrationSensor;SubstanceDetected;IfcLabel;SetPointConcentration;IfcIonConcentrationMeasure
Pset_SensorTypeLevelSensor;SetPointLevel;IfcPositiveLengthMeasure
Pset_SensorTypeLightSensor;SetPointIlluminance;IfcIlluminanceMeasure
Pset_SensorTypeMoistureSensor;SetPointMoisture;IfcPositiveRatioMeasure
Pset_SensorTypeMovementSensor;SetPointMovement;IfcPositiveRatioMeasure
Pset_SensorTypePHSensor;SetPointPH;IfcPHMeasure
Pset_SensorTypePressureSensor;SetPointPressure;IfcPressureMeasure;IsSwitch;IfcBoolean
Pset_SensorTypeRadiationSensor;SetPointRadiation;IfcPowerMeasure
Pset_SensorTypeRadioactivitySensor;SetPointRadioactivity;IfcRadioActivityMeasure
Pset_SensorTypeSmokeSensor;CoverageArea;IfcAreaMeasure;SetPointConcentration;IfcPositiveRatioMeasure;HasBuiltInAlarm;IfcBoolean
Pset_SensorTypeSoundSensor;SetPointSound;IfcSoundPressureMeasure
Pset_SensorTypeTemperatureSensor;SetPointTemperature;IfcThermodynamicTemperatureMeasure
Pset_SensorTypeWindSensor;SetPointSpeed;IfcLinearVelocityMeasure
Pset_ServiceLife;ServiceLifeDuration;IfcDuration;MeanTimeBetweenFailure;IfcDuration
Pset_ServiceLifeFactors;QualityOfComponents;IfcPositiveRatioMeasure;DesignLevel;IfcPositiveRatioMeasure;WorkExecutionLevel;IfcPositiveRatioMeasure;IndoorEnvironment;IfcPositiveRatioMeasure;OutdoorEnvironment;IfcPositiveRatioMeasure;InUseConditions;IfcPositiveRatioMeasure;MaintenanceLevel;IfcPositiveRatioMeasure
Pset_ShadingDeviceCommon;Reference;IfcIdentifier;MechanicalOperated;IfcBoolean;SolarTransmittance;IfcPositiveRatioMeasure;SolarReflectance;IfcPositiveRatioMeasure;VisibleLightTransmittance;IfcPositiveRatioMeasure;VisibleLightReflectance;IfcPositiveRatioMeasure;ThermalTransmittance;IfcThermalTransmittanceMeasure;IsExternal;IfcBoolean;Roughness;IfcLabel;SurfaceColor;IfcLabel
Pset_SiteCommon;Reference;IfcIdentifier;BuildableArea;IfcAreaMeasure;SiteCoverageRatio;IfcPositiveRatioMeasure;FloorAreaRatio;IfcPositiveRatioMeasure;BuildingHeightLimit;IfcPositiveLengthMeasure;TotalArea;IfcAreaMeasure
Pset_SlabCommon;Reference;IfcIdentifier;AcousticRating;IfcLabel;FireRating;IfcLabel;PitchAngle;IfcPlaneAngleMeasure;Combustible;IfcBoolean;SurfaceSpreadOfFlame;IfcLabel;Compartmentation;IfcBoolean;IsExternal;IfcBoolean;ThermalTransmittance;IfcThermalTransmittanceMeasure;LoadBearing;IfcBoolean
Pset_SolarDeviceTypeCommon;Reference;IfcIdentifier
Pset_SoundAttenuation;SoundFrequency;IfcFrequencyMeasure
Pset_SoundGeneration;SoundCurve;IfcSoundPowerMeasure
Pset_SpaceCommon;Reference;IfcIdentifier;IsExternal;IfcBoolean;GrossPlannedArea;IfcAreaMeasure;NetPlannedArea;IfcAreaMeasure;PubliclyAccessible;IfcBoolean;HandicapAccessible;IfcBoolean
Pset_SpaceCoveringRequirements;FloorCovering;IfcLabel;FloorCoveringThickness;IfcPositiveLengthMeasure;WallCovering;IfcLabel;WallCoveringThickness;IfcPositiveLengthMeasure;CeilingCovering;IfcLabel;CeilingCoveringThickness;IfcPositiveLengthMeasure;SkirtingBoard;IfcLabel;SkirtingBoardHeight;IfcPositiveLengthMeasure;Molding;IfcLabel;MoldingHeight;IfcPositiveLengthMeasure;ConcealedFlooring;IfcBoolean;ConcealedFlooringOffset;IfcNonNegativeLengthMeasure;ConcealedCeiling;IfcBoolean;ConcealedCeilingOffset;IfcNonNegativeLengthMeasure
Pset_SpaceFireSafetyRequirements;FireRiskFactor;IfcLabel;FlammableStorage;IfcBoolean;FireExit;IfcBoolean;SprinklerProtection;IfcBoolean;SprinklerProtectionAutomatic;IfcBoolean;AirPressurization;IfcBoolean
Pset_SpaceHeaterTypeCommon;Reference;IfcIdentifier;BodyMass;IfcMassMeasure;ThermalMassHeatCapacity;IfcReal;OutputCapacity;IfcPowerMeasure;ThermalEfficiency;IfcNormalisedRatioMeasure;NumberOfPanels;IfcInteger;NumberOfSections;IfcInteger
Pset_SpaceHeaterTypeRadiator;TubingLength;IfcPositiveLengthMeasure;WaterContent;IfcMassMeasure
Pset_SpaceLightingRequirements;ArtificialLighting;IfcBoolean;Illuminance;IfcIlluminanceMeasure
Pset_SpaceOccupancyRequirements;OccupancyType;IfcLabel;OccupancyNumber;IfcCountMeasure;OccupancyNumberPeak;IfcCountMeasure;OccupancyTimePerDay;IfcTimeMeasure;AreaPerOccupant;IfcAreaMeasure;MinimumHeadroom;IfcLengthMeasure;IsOutlookDesirable;IfcBoolean
Pset_SpaceParking;ParkingUse;IfcLabel;ParkingUnits;IfcCountMeasure;IsAisle;IfcBoolean;IsOneWay;IfcBoolean
Pset_SpaceThermalDesign;CoolingDesignAirflow;IfcVolumetricFlowRateMeasure;HeatingDesignAirflow;IfcVolumetricFlowRateMeasure;TotalSensibleHeatGain;IfcPowerMeasure;TotalHeatGain;IfcPowerMeasure;TotalHeatLoss;IfcPowerMeasure;CoolingDryBulb;IfcThermodynamicTemperatureMeasure;CoolingRelativeHumidity;IfcPositiveRatioMeasure;HeatingDryBulb;IfcThermodynamicTemperatureMeasure;HeatingRelativeHumidity;IfcPositiveRatioMeasure;VentilationAirFlowrate;IfcVolumetricFlowRateMeasure;ExhaustAirFlowrate;IfcVolumetricFlowRateMeasure;CeilingRAPlenum;IfcBoolean;BoundaryAreaHeatLoss;IfcHeatFluxDensityMeasure
Pset_SpaceThermalLoad;People;IfcPowerMeasure;Lighting;IfcPowerMeasure;EquipmentSensible;IfcPowerMeasure;VentilationIndoorAir;IfcPowerMeasure;VentilationOutdoorAir;IfcPowerMeasure;RecirculatedAir;IfcPowerMeasure;ExhaustAir;IfcPowerMeasure;AirExchangeRate;IfcPowerMeasure;DryBulbTemperature;IfcPowerMeasure;RelativeHumidity;IfcPowerMeasure;InfiltrationSensible;IfcPowerMeasure;TotalSensibleLoad;IfcPowerMeasure;TotalLatentLoad;IfcPowerMeasure;TotalRadiantLoad;IfcPowerMeasure
Pset_SpaceThermalRequirements;SpaceTemperature;IfcThermodynamicTemperatureMeasure;SpaceTemperatureMax;IfcThermodynamicTemperatureMeasure;SpaceTemperatureMin;IfcThermodynamicTemperatureMeasure;SpaceTemperatureSummerMax;IfcThermodynamicTemperatureMeasure;SpaceTemperatureSummerMin;IfcThermodynamicTemperatureMeasure;SpaceTemperatureWinterMax;IfcThermodynamicTemperatureMeasure;SpaceTemperatureWinterMin;IfcThermodynamicTemperatureMeasure;SpaceHumidity;IfcRatioMeasure;SpaceHumidityMax;IfcRatioMeasure;SpaceHumidityMin;IfcRatioMeasure;SpaceHumiditySummer;IfcRatioMeasure;SpaceHumidityWinter;IfcRatioMeasure;DiscontinuedHeating;IfcBoolean;NaturalVentilation;IfcBoolean;NaturalVentilationRate;IfcCountMeasure;MechanicalVentilationRate;IfcCountMeasure;AirConditioning;IfcBoolean;AirConditioningCentral;IfcBoolean
Pset_SpatialZoneCommon;Reference;IfcLabel;IsExternal;IfcBoolean
Pset_StackTerminalTypeCommon;Reference;IfcIdentifier
Pset_StairCommon;Reference;IfcIdentifier;NumberOfRiser;IfcCountMeasure;NumberOfTreads;IfcCountMeasure;RiserHeight;IfcPositiveLengthMeasure;TreadLength;IfcPositiveLengthMeasure;NosingLength;IfcLengthMeasure;WalkingLineOffset;IfcPositiveLengthMeasure;TreadLengthAtOffset;IfcPositiveLengthMeasure;TreadLengthAtInnerSide;IfcPositiveLengthMeasure;WaistThickness;IfcPositiveLengthMeasure;RequiredHeadroom;IfcPositiveLengthMeasure;HandicapAccessible;IfcBoolean;HasNonSkidSurface;IfcBoolean;IsExternal;IfcBoolean;ThermalTransmittance;IfcThermalTransmittanceMeasure;LoadBearing;IfcBoolean;FireRating;IfcLabel;FireExit;IfcBoolean
Pset_StairFlightCommon;Reference;IfcIdentifier;NumberOfRiser;IfcCountMeasure;NumberOfTreads;IfcCountMeasure;RiserHeight;IfcPositiveLengthMeasure;TreadLength;IfcPositiveLengthMeasure;NosingLength;IfcLengthMeasure;WalkingLineOffset;IfcPositiveLengthMeasure;TreadLengthAtOffset;IfcPositiveLengthMeasure;TreadLengthAtInnerSide;IfcPositiveLengthMeasure;Headroom;IfcPositiveLengthMeasure;WaistThickness;IfcPositiveLengthMeasure
Pset_StructuralSurfaceMemberVaryingThickness;Thickness1;IfcPositiveLengthMeasure;Location1Local;IfcLengthMeasure;Location1Global;IfcLengthMeasure;Thickness2;IfcPositiveLengthMeasure;Location2Local;IfcLengthMeasure;Location2Global;IfcLengthMeasure;Thickness3;IfcPositiveLengthMeasure;Location3Local;IfcLengthMeasure;Location3Global;IfcLengthMeasure
Pset_SwitchingDeviceTypeCommon;Reference;IfcIdentifier;NumberOfGangs;IfcInteger;HasLock;IfcBoolean;IsIlluminated;IfcBoolean;Legend;IfcLabel;SetPoint;IfcLabel
Pset_SystemFurnitureElementTypeCommon;IsUsed;IfcBoolean;GroupCode;IfcIdentifier;NominalWidth;IfcPositiveLengthMeasure;NominalHeight;IfcPositiveLengthMeasure;Finishing;IfcLabel
Pset_SystemFurnitureElementTypePanel;HasOpening;IfcBoolean;NominalThickness;IfcPositiveLengthMeasure
Pset_SystemFurnitureElementTypeWorkSurface;UsePurpose;IfcLabel;HangingHeight;IfcPositiveLengthMeasure;NominalThickness;IfcPositiveLengthMeasure;ShapeDescription;IfcLabel
Pset_TankOccurrence;HasLadder;IfcBoolean;HasVisualIndicator;IfcBoolean
Pset_TankTypeCommon;Reference;IfcIdentifier;NominalLengthOrDiameter;IfcPositiveLengthMeasure;NominalWidthOrDiameter;IfcPositiveLengthMeasure;NominalDepth;IfcPositiveLengthMeasure;NominalCapacity;IfcVolumeMeasure;EffectiveCapacity;IfcVolumeMeasure;OperatingWeight;IfcMassMeasure;FirstCurvatureRadius;IfcPositiveLengthMeasure;SecondCurvatureRadius;IfcPositiveLengthMeasure;NumberOfSections;IfcInteger
Pset_TankTypeExpansion;ChargePressure;IfcPressureMeasure;PressureRegulatorSetting;IfcPressureMeasure;ReliefValveSetting;IfcPressureMeasure
Pset_TankTypePreformed;FirstCurvatureRadius;IfcPositiveLengthMeasure;SecondCurvatureRadius;IfcPositiveLengthMeasure
Pset_TankTypePressureVessel;ChargePressure;IfcPressureMeasure;PressureRegulatorSetting;IfcPressureMeasure;ReliefValveSetting;IfcPressureMeasure
Pset_TankTypeSectional;NumberOfSections;IfcInteger;SectionLength;IfcPositiveLengthMeasure;SectionWidth;IfcPositiveLengthMeasure
Pset_ThermalLoadAggregate;TotalCoolingLoad;IfcPowerMeasure;TotalHeatingLoad;IfcPowerMeasure;LightingDiversity;IfcPositiveRatioMeasure;InfiltrationDiversitySummer;IfcPositiveRatioMeasure;InfiltrationDiversityWinter;IfcPositiveRatioMeasure;ApplianceDiversity;IfcPositiveRatioMeasure;LoadSafetyFactor;IfcPositiveRatioMeasure
Pset_ThermalLoadDesignCriteria;OccupancyDiversity;IfcPositiveRatioMeasure;OutsideAirPerPerson;IfcVolumetricFlowRateMeasure;ReceptacleLoadIntensity;IfcReal;AppliancePercentLoadToRadiant;IfcPositiveRatioMeasure;LightingLoadIntensity;IfcReal;LightingPercentLoadToReturnAir;IfcPositiveRatioMeasure
Pset_TransformerTypeCommon;Reference;IfcIdentifier;PrimaryVoltage;IfcElectricVoltageMeasure;SecondaryVoltage;IfcElectricVoltageMeasure;PrimaryCurrent;IfcElectricCurrentMeasure;SecondaryCurrent;IfcElectricCurrentMeasure;PrimaryFrequency;IfcFrequencyMeasure;SecondaryFrequency;IfcFrequencyMeasure;PrimaryApparentPower;IfcPowerMeasure;SecondaryApparentPower;IfcPowerMeasure;MaximumApparentPower;IfcPowerMeasure;ShortCircuitVoltage;IfcComplexNumber;RealImpedanceRatio;IfcRatioMeasure;ImaginaryImpedanceRatio;IfcRatioMeasure;IsNeutralPrimaryTerminalAvailable;IfcBoolean;IsNeutralSecondaryTerminalAvailable;IfcBoolean
Pset_TransportElementCommon;Reference;IfcIdentifier;CapacityPeople;IfcCountMeasure;CapacityWeight;IfcMassMeasure;FireExit;IfcBoolean
Pset_TransportElementElevator;FireFightingLift;IfcBoolean;ClearWidth;IfcPositiveLengthMeasure;ClearDepth;IfcPositiveLengthMeasure;ClearHeight;IfcPositiveLengthMeasure
Pset_TubeBundleTypeCommon;Reference;IfcIdentifier;NumberOfRows;IfcInteger;StaggeredRowSpacing;IfcPositiveLengthMeasure;InLineRowSpacing;IfcPositiveLengthMeasure;NumberOfCircuits;IfcInteger;FoulingFactor;IfcThermalResistanceMeasure;ThermalConductivity;IfcThermalConductivityMeasure;Length;IfcPositiveLengthMeasure;Volume;IfcVolumeMeasure;NominalDiameter;IfcPositiveLengthMeasure;OutsideDiameter;IfcPositiveLengthMeasure;InsideDiameter;IfcPositiveLengthMeasure;HorizontalSpacing;IfcPositiveLengthMeasure;VerticalSpacing;IfcPositiveLengthMeasure;HasTurbulator;IfcBoolean
Pset_TubeBundleTypeFinned;Spacing;IfcPositiveLengthMeasure;Thickness;IfcPositiveLengthMeasure;ThermalConductivity;IfcThermalConductivityMeasure;Length;IfcPositiveLengthMeasure;Height;IfcPositiveLengthMeasure;Diameter;IfcPositiveLengthMeasure;FinCorrugatedType;IfcLabel;HasCoating;IfcBoolean
Pset_UnitaryControlElementTypeCommon;Reference;IfcIdentifier;Mode;IfcLabel
Pset_UnitaryControlElementTypeThermostat;TemperatureSetPoint;IfcThermodynamicTemperatureMeasure
Pset_UnitaryEquipmentTypeAirConditioningUnit;SensibleCoolingCapacity;IfcPowerMeasure;LatentCoolingCapacity;IfcPowerMeasure;CoolingEfficiency;IfcPositiveRatioMeasure;HeatingCapacity;IfcPowerMeasure;HeatingEfficiency;IfcPositiveRatioMeasure;CondenserFlowrate;IfcVolumetricFlowRateMeasure;CondenserEnteringTemperature;IfcThermodynamicTemperatureMeasure;CondenserLeavingTemperature;IfcThermodynamicTemperatureMeasure;OutsideAirFlowrate;IfcVolumetricFlowRateMeasure
Pset_UnitaryEquipmentTypeAirHandler;DualDeck;IfcBoolean
Pset_UnitaryEquipmentTypeCommon;Reference;IfcIdentifier
Pset_ValveTypeAirRelease;IsAutomatic;IfcBoolean
Pset_ValveTypeCommon;Reference;IfcIdentifier;Size;IfcPositiveLengthMeasure;TestPressure;IfcPressureMeasure;WorkingPressure;IfcPressureMeasure;FlowCoefficient;IfcReal;CloseOffRating;IfcPressureMeasure
Pset_ValveTypeDrawOffCock;HasHoseUnion;IfcBoolean
Pset_ValveTypeFaucet;Finish;IfcText;FaucetTopDescription;IfcText
Pset_ValveTypeFlushing;FlushingRate;IfcVolumetricFlowRateMeasure;HasIntegralShutOffDevice;IfcBoolean;IsHighPressure;IfcBoolean
Pset_ValveTypeGasTap;HasHoseUnion;IfcBoolean
Pset_ValveTypeIsolating;IsNormallyOpen;IfcBoolean
Pset_ValveTypeMixing;OutletConnectionSize;IfcPositiveLengthMeasure
Pset_ValveTypePressureReducing;UpstreamPressure;IfcPressureMeasure;DownstreamPressure;IfcPressureMeasure
Pset_ValveTypePressureRelief;ReliefPressure;IfcPressureMeasure
Pset_VibrationIsolatorTypeCommon;Reference;IfcIdentifier;VibrationTransmissibility;IfcPositiveRatioMeasure;IsolatorStaticDeflection;IfcLengthMeasure;IsolatorCompressibility;IfcRatioMeasure;MaximumSupportedWeight;IfcMassMeasure;NominalHeight;IfcPositiveLengthMeasure
Pset_WallCommon;Reference;IfcIdentifier;AcousticRating;IfcLabel;FireRating;IfcLabel;Combustible;IfcBoolean;SurfaceSpreadOfFlame;IfcLabel;ThermalTransmittance;IfcThermalTransmittanceMeasure;IsExternal;IfcBoolean;LoadBearing;IfcBoolean;ExtendToStructure;IfcBoolean;Compartmentation;IfcBoolean
Pset_Warranty;WarrantyIdentifier;IfcIdentifier;WarrantyStartDate;IfcDate;WarrantyEndDate;IfcDate;IsExtendedWarranty;IfcBoolean;WarrantyPeriod;IfcDuration;WarrantyContent;IfcText;PointOfContact;IfcLabel;Exclusions;IfcText
Pset_WasteTerminalTypeCommon;Reference;IfcIdentifier
Pset_WasteTerminalTypeFloorTrap;NominalBodyLength;IfcPositiveLengthMeasure;NominalBodyWidth;IfcPositiveLengthMeasure;NominalBodyDepth;IfcPositiveLengthMeasure;IsForSullageWater;IfcBoolean;SpilloverLevel;IfcPositiveLengthMeasure;HasStrainer;IfcBoolean;OutletConnectionSize;IfcPositiveLengthMeasure;InletConnectionSize;IfcPositiveLengthMeasure;CoverLength;IfcPositiveLengthMeasure;CoverWidth;IfcPositiveLengthMeasure
Pset_WasteTerminalTypeFloorWaste;NominalBodyLength;IfcPositiveLengthMeasure;NominalBodyWidth;IfcPositiveLengthMeasure;NominalBodyDepth;IfcPositiveLengthMeasure;OutletConnectionSize;IfcPositiveLengthMeasure;CoverLength;IfcPositiveLengthMeasure;CoverWidth;IfcPositiveLengthMeasure
Pset_WasteTerminalTypeGullySump;NominalSumpLength;IfcPositiveLengthMeasure;NominalSumpWidth;IfcPositiveLengthMeasure;NominalSumpDepth;IfcPositiveLengthMeasure;OutletConnectionSize;IfcPositiveLengthMeasure;InletConnectionSize;IfcPositiveLengthMeasure;CoverLength;IfcPositiveLengthMeasure;CoverWidth;IfcPositiveLengthMeasure
Pset_WasteTerminalTypeGullyTrap;NominalBodyLength;IfcPositiveLengthMeasure;NominalBodyWidth;IfcPositiveLengthMeasure;NominalBodyDepth;IfcPositiveLengthMeasure;HasStrainer;IfcBoolean;OutletConnectionSize;IfcPositiveLengthMeasure;InletConnectionSize;IfcPositiveLengthMeasure;CoverLength;IfcPositiveLengthMeasure;CoverWidth;IfcPositiveLengthMeasure
Pset_WasteTerminalTypeRoofDrain;NominalBodyLength;IfcPositiveLengthMeasure;NominalBodyWidth;IfcPositiveLengthMeasure;NominalBodyDepth;IfcPositiveLengthMeasure;OutletConnectionSize;IfcPositiveLengthMeasure;CoverLength;IfcPositiveLengthMeasure;CoverWidth;IfcPositiveLengthMeasure
Pset_WasteTerminalTypeWasteDisposalUnit;DrainConnectionSize;IfcPositiveLengthMeasure;OutletConnectionSize;IfcPositiveLengthMeasure;NominalDepth;IfcPositiveLengthMeasure
Pset_WasteTerminalTypeWasteTrap;OutletConnectionSize;IfcPositiveLengthMeasure;InletConnectionSize;IfcPositiveLengthMeasure
Pset_WindowCommon;Reference;IfcIdentifier;AcousticRating;IfcLabel;FireRating;IfcLabel;SecurityRating;IfcLabel;IsExternal;IfcBoolean;Infiltration;IfcVolumetricFlowRateMeasure;ThermalTransmittance;IfcThermalTransmittanceMeasure;GlazingAreaFraction;IfcPositiveRatioMeasure;HasSillExternal;IfcBoolean;HasSillInternal;IfcBoolean;HasDrive;IfcBoolean;SmokeStop;IfcBoolean;FireExit;IfcBoolean;WaterTightnessRating;IfcLabel;MechanicalLoadRating;IfcLabel;WindLoadRating;IfcLabel
Pset_WorkControlCommon;WorkStartTime;IfcTime;WorkFinishTime;IfcTime;WorkDayDuration;IfcDuration;WorkWeekDuration;IfcDuration;WorkMonthDuration;IfcDuration
Pset_ZoneCommon;Reference;IfcIdentifier;IsExternal;IfcBoolean;GrossPlannedArea;IfcAreaMeasure;NetPlannedArea;IfcAreaMeasure;PubliclyAccessible;IfcBoolean;HandicapAccessible;IfcBoolean
